Unique_protein_change,Mutation_1letter,Mutation_3letter,Position,DDG_binding_mean,Color,Structural_category,Final_class,Abs_ddG
R91P,R91P,Arg91Pro,91,-0.087,#0000FF,Protein surface,Protein surface,0.087
R91Q,R91Q,Arg91Gln,91,-0.13,#0000FF,Protein surface,Protein surface,0.13
P93S,P93S,Pro93Ser,93,-0.026,#0000FF,Protein surface,Protein surface,0.026
D97E,D97E,Asp97Glu,97,-0.041,#0000FF,Protein interior,Protein interior,0.041
D97Y,D97Y,Asp97Tyr,97,-0.206,#0000FF,Protein interior,Protein interior,0.206
T99P,T99P,Thr99Pro,99,-0.031,#0000FF,Protein surface,Protein surface,0.031
L100R,L100R,Leu100Arg,100,0.191,#FF0000,Protein interior,Protein interior,0.191
L100V,L100V,Leu100Val,100,-0.122,#0000FF,Protein interior,Protein interior,0.122
P101H,P101H,Pro101His,101,0.071,#FF0000,Protein interior,Protein interior,0.071
P101L,P101L,Pro101Leu,101,0.339,#FF0000,Protein interior,Protein interior,0.339
P101R,P101R,Pro101Arg,101,-0.126,#0000FF,Protein interior,Protein interior,0.126
P101S,P101S,Pro101Ser,101,0.196,#FF0000,Protein interior,Protein interior,0.196
G103D,G103D,Gly103Asp,103,0.013,#FF0000,Protein interior,Protein interior,0.013
W104R,W104R,Trp104Arg,104,0.237,#FF0000,Protein interior,Protein interior,0.237
R106G,R106G,Arg106Gly,106,1.156,#FF0000,Protein interior,Protein interior,1.156
R106L,R106L,Arg106Leu,106,1.294,#FF0000,Protein interior,Protein interior,1.294
R106Q,R106Q,Arg106Gln,106,0.741,#FF0000,Protein interior,Protein interior,0.741
R106W,R106W,Arg106Trp,106,0.789,#FF0000,Protein interior,Protein interior,0.789
L108H,L108H,Leu108His,108,0.072,#FF0000,Protein interior,Protein interior,0.072
L108P,L108P,Leu108Pro,108,0.272,#FF0000,Protein interior,Protein interior,0.272
R111G,R111G,Arg111Gly,111,1.812,#FF0000,Protein-DNA interface,Protein-DNA interface,1.812
R111K,R111K,Arg111Lys,111,1.716,#FF0000,Protein-DNA interface,Protein-DNA interface,1.716
G114A,G114A,Gly114Ala,114,0.405,#FF0000,Protein-DNA interface,Protein-DNA interface,0.405
R115C,R115C,Arg115Cys,115,0.537,#FF0000,Protein-DNA interface,Protein-DNA interface,0.537
R115H,R115H,Arg115His,115,0.366,#FF0000,Protein-DNA interface,Protein-DNA interface,0.366
A117G,A117G,Ala117Gly,117,0.115,#FF0000,Protein surface,Protein surface,0.115
G118E,G118E,Gly118Glu,118,0.507,#FF0000,Protein interior,Protein interior,0.507
Y120D,Y120D,Tyr120Asp,120,0.559,#FF0000,Protein-DNA interface,Protein-DNA interface,0.559
D121G,D121G,Asp121Gly,121,0.329,#FF0000,Protein-DNA interface,Protein-DNA interface,0.329
D121N,D121N,Asp121Asn,121,0.254,#FF0000,Protein-DNA interface,Protein-DNA interface,0.254
D121V,D121V,Asp121Val,121,0.658,#FF0000,Protein-DNA interface,Protein-DNA interface,0.658
V122A,V122A,Val122Ala,122,-0.162,#0000FF,Protein interior,Protein interior,0.162
V122M,V122M,Val122Met,122,-0.246,#0000FF,Protein interior,Protein interior,0.246
L124F,L124F,Leu124Phe,124,-0.168,#0000FF,Protein interior,Protein interior,0.168
L124W,L124W,Leu124Trp,124,0.021,#FF0000,Protein interior,Protein interior,0.021
N126I,N126I,Asn126Ile,126,0.792,#FF0000,Protein interior,Protein interior,0.792
N126S,N126S,Asn126Ser,126,0.379,#FF0000,Protein interior,Protein interior,0.379
P127L,P127L,Pro127Leu,127,0.137,#FF0000,Protein surface,Protein surface,0.137
Q128P,Q128P,Gln128Pro,128,-0.333,#0000FF,Protein surface,Protein surface,0.333
G129V,G129V,Gly129Val,129,0.43,#FF0000,Protein-DNA interface,Protein-DNA interface,0.43
K130R,K130R,Lys130Arg,130,1.033,#FF0000,Protein-DNA interface,Protein-DNA interface,1.033
A131D,A131D,Ala131Asp,131,0.782,#FF0000,Protein-DNA interface,Protein-DNA interface,0.782
R133C,R133C,Arg133Cys,133,1.285,#FF0000,Protein-DNA interface,Protein-DNA interface,1.285
R133G,R133G,Arg133Gly,133,1.152,#FF0000,Protein-DNA interface,Protein-DNA interface,1.152
R133H,R133H,Arg133His,133,1.042,#FF0000,Protein-DNA interface,Protein-DNA interface,1.042
R133L,R133L,Arg133Leu,133,1.409,#FF0000,Protein-DNA interface,Protein-DNA interface,1.409
R133P,R133P,Arg133Pro,133,0.834,#FF0000,Protein-DNA interface,Protein-DNA interface,0.834
S134C,S134C,Ser134Cys,134,0.542,#FF0000,Protein-DNA interface,Protein-DNA interface,0.542
S134F,S134F,Ser134Phe,134,0.794,#FF0000,Protein-DNA interface,Protein-DNA interface,0.794
S134P,S134P,Ser134Pro,134,0.666,#FF0000,Protein-DNA interface,Protein-DNA interface,0.666
K135E,K135E,Lys135Glu,135,0.514,#FF0000,Protein surface,Protein surface,0.514
L138F,L138F,Leu138Phe,138,-0.096,#0000FF,Protein interior,Protein interior,0.096
L138S,L138S,Leu138Ser,138,0.591,#FF0000,Protein interior,Protein interior,0.591
A140V,A140V,Ala140Val,140,0.073,#FF0000,Protein-DNA interface,Protein-DNA interface,0.073
Y141C,Y141C,Tyr141Cys,141,0.678,#FF0000,Protein interior,Protein interior,0.678
E143K,E143K,Glu143Lys,143,-0.928,#0000FF,Protein surface,Protein surface,0.928
K144R,K144R,Lys144Arg,144,0.457,#FF0000,Protein surface,Protein surface,0.457
D147N,D147N,Asp147Asn,147,-0.229,#0000FF,Protein surface,Protein surface,0.229
T148A,T148A,Thr148Ala,148,-0.136,#0000FF,Protein surface,Protein surface,0.136
S149Y,S149Y,Ser149Tyr,149,0.109,#FF0000,Protein surface,Protein surface,0.109
D151A,D151A,Asp151Ala,151,0.213,#FF0000,Protein surface,Protein surface,0.213
D151G,D151G,Asp151Gly,151,0.099,#FF0000,Protein surface,Protein surface,0.099
D151Y,D151Y,Asp151Tyr,151,0.066,#FF0000,Protein surface,Protein surface,0.066
P152A,P152A,Pro152Ala,152,0.151,#FF0000,Protein interior,Protein interior,0.151
P152L,P152L,Pro152Leu,152,0.181,#FF0000,Protein interior,Protein interior,0.181
P152R,P152R,Pro152Arg,152,-0.453,#0000FF,Protein interior,Protein interior,0.453
P152T,P152T,Pro152Thr,152,-0.07,#0000FF,Protein interior,Protein interior,0.07
F155C,F155C,Phe155Cys,155,0.167,#FF0000,Protein interior,Protein interior,0.167
F155I,F155I,Phe155Ile,155,0.181,#FF0000,Protein interior,Protein interior,0.181
F155S,F155S,Phe155Ser,155,0.511,#FF0000,Protein interior,Protein interior,0.511
D156A,D156A,Asp156Ala,156,0.269,#FF0000,Protein interior,Protein interior,0.269
D156E,D156E,Asp156Glu,156,0.229,#FF0000,Protein interior,Protein interior,0.229
D156G,D156G,Asp156Gly,156,0.121,#FF0000,Protein interior,Protein interior,0.121
D156Y,D156Y,Asp156Tyr,156,0.148,#FF0000,Protein interior,Protein interior,0.148
F157I,F157I,Phe157Ile,157,0.331,#FF0000,Protein-DNA interface,Protein-DNA interface,0.331
F157L,F157L,Phe157Leu,157,0.275,#FF0000,Protein-DNA interface,Protein-DNA interface,0.275
T158A,T158A,Thr158Ala,158,0.998,#FF0000,Protein-DNA interface,Protein-DNA interface,0.998
T158M,T158M,Thr158Met,158,0.93,#FF0000,Protein-DNA interface,Protein-DNA interface,0.93
T158R,T158R,Thr158Arg,158,0.432,#FF0000,Protein-DNA interface,Protein-DNA interface,0.432
T160S,T160S,Thr160Ser,160,0.152,#FF0000,Protein-DNA interface,Protein-DNA interface,0.152
G161E,G161E,Gly161Glu,161,0.364,#FF0000,Protein interior,Protein interior,0.364
G161V,G161V,Gly161Val,161,0.13,#FF0000,Protein interior,Protein interior,0.13
G161W,G161W,Gly161Trp,161,0.097,#FF0000,Protein interior,Protein interior,0.097
R162G,R162G,Arg162Gly,162,0.635,#FF0000,Protein surface,Protein surface,0.635
