Unique_protein_change,Mutation_1letter,Mutation_3letter,Position,GeoStab_ddG_mean,Color,Structural_category,Final_class,Abs_ddG
R91P,R91P,Arg91Pro,91,-0.063,#FF0000,Protein surface,Protein surface,0.063
R91Q,R91Q,Arg91Gln,91,-0.252,#FF0000,Protein surface,Protein surface,0.252
P93S,P93S,Pro93Ser,93,-0.724,#FF0000,Protein surface,Protein surface,0.724
D97E,D97E,Asp97Glu,97,-2.698,#FF0000,Protein interior,Protein interior,2.698
D97Y,D97Y,Asp97Tyr,97,-1.997,#FF0000,Protein interior,Protein interior,1.997
T99P,T99P,Thr99Pro,99,-0.922,#FF0000,Protein surface,Protein surface,0.922
L100R,L100R,Leu100Arg,100,-2.689,#FF0000,Protein interior,Protein interior,2.689
L100V,L100V,Leu100Val,100,-1.984,#FF0000,Protein interior,Protein interior,1.984
P101H,P101H,Pro101His,101,-1.569,#FF0000,Protein interior,Protein interior,1.569
P101L,P101L,Pro101Leu,101,-1.326,#FF0000,Protein interior,Protein interior,1.326
P101R,P101R,Pro101Arg,101,-1.285,#FF0000,Protein interior,Protein interior,1.285
P101S,P101S,Pro101Ser,101,-1.771,#FF0000,Protein interior,Protein interior,1.771
G103D,G103D,Gly103Asp,103,-1.659,#FF0000,Protein interior,Protein interior,1.659
W104R,W104R,Trp104Arg,104,-1.906,#FF0000,Protein interior,Protein interior,1.906
R106G,R106G,Arg106Gly,106,-2.376,#FF0000,Protein interior,Protein interior,2.376
R106L,R106L,Arg106Leu,106,-0.982,#FF0000,Protein interior,Protein interior,0.982
R106Q,R106Q,Arg106Gln,106,-1.241,#FF0000,Protein interior,Protein interior,1.241
R106W,R106W,Arg106Trp,106,-1.467,#FF0000,Protein interior,Protein interior,1.467
L108H,L108H,Leu108His,108,-1.817,#FF0000,Protein interior,Protein interior,1.817
L108P,L108P,Leu108Pro,108,-2.107,#FF0000,Protein interior,Protein interior,2.107
R111G,R111G,Arg111Gly,111,-1.696,#FF0000,Protein-DNA interface,Protein-DNA interface,1.696
R111K,R111K,Arg111Lys,111,-1.204,#FF0000,Protein-DNA interface,Protein-DNA interface,1.204
G114A,G114A,Gly114Ala,114,-0.898,#FF0000,Protein-DNA interface,Protein-DNA interface,0.898
R115C,R115C,Arg115Cys,115,0.08,#0000FF,Protein-DNA interface,Protein-DNA interface,0.08
R115H,R115H,Arg115His,115,-0.372,#FF0000,Protein-DNA interface,Protein-DNA interface,0.372
A117G,A117G,Ala117Gly,117,-0.271,#FF0000,Protein surface,Protein surface,0.271
G118E,G118E,Gly118Glu,118,-1.513,#FF0000,Protein interior,Protein interior,1.513
Y120D,Y120D,Tyr120Asp,120,-1.535,#FF0000,Protein-DNA interface,Protein-DNA interface,1.535
D121G,D121G,Asp121Gly,121,-3.297,#FF0000,Protein-DNA interface,Protein-DNA interface,3.297
D121N,D121N,Asp121Asn,121,-2.287,#FF0000,Protein-DNA interface,Protein-DNA interface,2.287
D121V,D121V,Asp121Val,121,-1.808,#FF0000,Protein-DNA interface,Protein-DNA interface,1.808
V122A,V122A,Val122Ala,122,-1.723,#FF0000,Protein interior,Protein interior,1.723
V122M,V122M,Val122Met,122,-0.704,#FF0000,Protein interior,Protein interior,0.704
L124F,L124F,Leu124Phe,124,-0.909,#FF0000,Protein interior,Protein interior,0.909
L124W,L124W,Leu124Trp,124,-1.225,#FF0000,Protein interior,Protein interior,1.225
N126I,N126I,Asn126Ile,126,-2.05,#FF0000,Protein interior,Protein interior,2.05
N126S,N126S,Asn126Ser,126,-0.236,#FF0000,Protein interior,Protein interior,0.236
P127L,P127L,Pro127Leu,127,-1.355,#FF0000,Protein surface,Protein surface,1.355
Q128P,Q128P,Gln128Pro,128,-1.109,#FF0000,Protein surface,Protein surface,1.109
G129V,G129V,Gly129Val,129,-1.698,#FF0000,Protein-DNA interface,Protein-DNA interface,1.698
K130R,K130R,Lys130Arg,130,-0.533,#FF0000,Protein-DNA interface,Protein-DNA interface,0.533
A131D,A131D,Ala131Asp,131,-0.734,#FF0000,Protein-DNA interface,Protein-DNA interface,0.734
R133C,R133C,Arg133Cys,133,-0.118,#FF0000,Protein-DNA interface,Protein-DNA interface,0.118
R133G,R133G,Arg133Gly,133,-0.752,#FF0000,Protein-DNA interface,Protein-DNA interface,0.752
R133H,R133H,Arg133His,133,-0.286,#FF0000,Protein-DNA interface,Protein-DNA interface,0.286
R133L,R133L,Arg133Leu,133,-0.315,#FF0000,Protein-DNA interface,Protein-DNA interface,0.315
R133P,R133P,Arg133Pro,133,-0.826,#FF0000,Protein-DNA interface,Protein-DNA interface,0.826
S134C,S134C,Ser134Cys,134,-0.395,#FF0000,Protein-DNA interface,Protein-DNA interface,0.395
S134F,S134F,Ser134Phe,134,-1.765,#FF0000,Protein-DNA interface,Protein-DNA interface,1.765
S134P,S134P,Ser134Pro,134,-1.295,#FF0000,Protein-DNA interface,Protein-DNA interface,1.295
K135E,K135E,Lys135Glu,135,-1.778,#FF0000,Protein surface,Protein surface,1.778
L138F,L138F,Leu138Phe,138,-2.34,#FF0000,Protein interior,Protein interior,2.34
L138S,L138S,Leu138Ser,138,-3.378,#FF0000,Protein interior,Protein interior,3.378
A140V,A140V,Ala140Val,140,-0.498,#FF0000,Protein-DNA interface,Protein-DNA interface,0.498
Y141C,Y141C,Tyr141Cys,141,-0.729,#FF0000,Protein interior,Protein interior,0.729
E143K,E143K,Glu143Lys,143,-0.199,#FF0000,Protein surface,Protein surface,0.199
K144R,K144R,Lys144Arg,144,0.094,#0000FF,Protein surface,Protein surface,0.094
D147N,D147N,Asp147Asn,147,-1.434,#FF0000,Protein surface,Protein surface,1.434
T148A,T148A,Thr148Ala,148,-0.792,#FF0000,Protein surface,Protein surface,0.792
S149Y,S149Y,Ser149Tyr,149,-0.439,#FF0000,Protein surface,Protein surface,0.439
D151A,D151A,Asp151Ala,151,-0.317,#FF0000,Protein surface,Protein surface,0.317
D151G,D151G,Asp151Gly,151,-0.616,#FF0000,Protein surface,Protein surface,0.616
D151Y,D151Y,Asp151Tyr,151,0.374,#0000FF,Protein surface,Protein surface,0.374
P152A,P152A,Pro152Ala,152,-1.07,#FF0000,Protein interior,Protein interior,1.07
P152L,P152L,Pro152Leu,152,-0.731,#FF0000,Protein interior,Protein interior,0.731
P152R,P152R,Pro152Arg,152,-1.218,#FF0000,Protein interior,Protein interior,1.218
P152T,P152T,Pro152Thr,152,-2.096,#FF0000,Protein interior,Protein interior,2.096
F155C,F155C,Phe155Cys,155,-1.147,#FF0000,Protein interior,Protein interior,1.147
F155I,F155I,Phe155Ile,155,-1.723,#FF0000,Protein interior,Protein interior,1.723
F155S,F155S,Phe155Ser,155,-1.477,#FF0000,Protein interior,Protein interior,1.477
D156A,D156A,Asp156Ala,156,-0.796,#FF0000,Protein interior,Protein interior,0.796
D156E,D156E,Asp156Glu,156,-0.505,#FF0000,Protein interior,Protein interior,0.505
D156G,D156G,Asp156Gly,156,-0.887,#FF0000,Protein interior,Protein interior,0.887
D156Y,D156Y,Asp156Tyr,156,-0.314,#FF0000,Protein interior,Protein interior,0.314
F157I,F157I,Phe157Ile,157,-1.664,#FF0000,Protein-DNA interface,Protein-DNA interface,1.664
F157L,F157L,Phe157Leu,157,-1.941,#FF0000,Protein-DNA interface,Protein-DNA interface,1.941
T158A,T158A,Thr158Ala,158,-0.953,#FF0000,Protein-DNA interface,Protein-DNA interface,0.953
T158M,T158M,Thr158Met,158,-0.247,#FF0000,Protein-DNA interface,Protein-DNA interface,0.247
T158R,T158R,Thr158Arg,158,-0.292,#FF0000,Protein-DNA interface,Protein-DNA interface,0.292
T160S,T160S,Thr160Ser,160,0.094,#0000FF,Protein-DNA interface,Protein-DNA interface,0.094
G161E,G161E,Gly161Glu,161,-0.279,#FF0000,Protein interior,Protein interior,0.279
G161V,G161V,Gly161Val,161,-0.309,#FF0000,Protein interior,Protein interior,0.309
G161W,G161W,Gly161Trp,161,0.024,#0000FF,Protein interior,Protein interior,0.024
R162G,R162G,Arg162Gly,162,-0.629,#FF0000,Protein surface,Protein surface,0.629
