Structural_category,Mutation_1letter,Position,DDG_binding_mean
Protein interior,D97E,97,-0.041
Protein interior,D97Y,97,-0.206
Protein interior,L100R,100,0.191
Protein interior,L100V,100,-0.122
Protein interior,P101H,101,0.071
Protein interior,P101L,101,0.339
Protein interior,P101R,101,-0.126
Protein interior,P101S,101,0.196
Protein interior,G103D,103,0.013
Protein interior,W104R,104,0.237
Protein interior,R106G,106,1.156
Protein interior,R106L,106,1.294
Protein interior,R106Q,106,0.741
Protein interior,R106W,106,0.789
Protein interior,L108H,108,0.072
Protein interior,L108P,108,0.272
Protein interior,G118E,118,0.507
Protein interior,V122A,122,-0.162
Protein interior,V122M,122,-0.246
Protein interior,L124F,124,-0.168
Protein interior,L124W,124,0.021
Protein interior,N126I,126,0.792
Protein interior,N126S,126,0.379
Protein interior,L138F,138,-0.096
Protein interior,L138S,138,0.591
Protein interior,Y141C,141,0.678
Protein interior,P152A,152,0.151
Protein interior,P152L,152,0.181
Protein interior,P152R,152,-0.453
Protein interior,F155C,155,0.167
Protein interior,F155I,155,0.181
Protein interior,F155S,155,0.511
Protein interior,D156A,156,0.269
Protein interior,D156E,156,0.229
Protein interior,D156G,156,0.121
Protein interior,D156Y,156,0.148
Protein interior,G161E,161,0.364
Protein interior,G161V,161,0.13
Protein interior,G161W,161,0.097
Protein surface,R91Q,91,-0.13
Protein surface,P93S,93,-0.026
Protein surface,T99P,99,-0.031
Protein surface,A117G,117,0.115
Protein surface,P127L,127,0.137
Protein surface,Q128P,128,-0.333
Protein surface,K135E,135,0.514
Protein surface,E143K,143,-0.928
Protein surface,K144R,144,0.457
Protein surface,D147N,147,-0.229
Protein surface,T148A,148,-0.136
Protein surface,S149Y,149,0.109
Protein surface,D151A,151,0.213
Protein surface,D151G,151,0.099
Protein surface,D151Y,151,0.066
Protein-DNA interface,R111G,111,1.812
Protein-DNA interface,G114A,114,0.405
Protein-DNA interface,R115C,115,0.537
Protein-DNA interface,R115H,115,0.366
Protein-DNA interface,Y120D,120,0.559
Protein-DNA interface,D121G,121,0.329
Protein-DNA interface,D121N,121,0.254
Protein-DNA interface,D121V,121,0.658
Protein-DNA interface,G129V,129,0.43
Protein-DNA interface,K130R,130,1.033
Protein-DNA interface,A131D,131,0.782
Protein-DNA interface,R133C,133,1.285
Protein-DNA interface,R133G,133,1.152
Protein-DNA interface,R133H,133,1.042
Protein-DNA interface,R133L,133,1.409
Protein-DNA interface,R133P,133,0.834
Protein-DNA interface,S134C,134,0.542
Protein-DNA interface,S134F,134,0.794
Protein-DNA interface,S134P,134,0.666
Protein-DNA interface,A140V,140,0.073
Protein-DNA interface,F157I,157,0.331
Protein-DNA interface,F157L,157,0.275
Protein-DNA interface,T158A,158,0.998
Protein-DNA interface,T158M,158,0.93
Protein-DNA interface,T158R,158,0.432
Protein-DNA interface,T160S,160,0.152
