Structural_category,Mutation_1letter,Position,GeoStab_ddG_mean
Protein interior,D97E,97,-2.698
Protein interior,D97Y,97,-1.997
Protein interior,L100R,100,-2.689
Protein interior,L100V,100,-1.984
Protein interior,P101H,101,-1.569
Protein interior,P101L,101,-1.326
Protein interior,P101R,101,-1.285
Protein interior,P101S,101,-1.771
Protein interior,G103D,103,-1.659
Protein interior,W104R,104,-1.906
Protein interior,R106G,106,-2.376
Protein interior,R106L,106,-0.982
Protein interior,R106Q,106,-1.241
Protein interior,R106W,106,-1.467
Protein interior,L108H,108,-1.817
Protein interior,L108P,108,-2.107
Protein interior,G118E,118,-1.513
Protein interior,V122A,122,-1.723
Protein interior,V122M,122,-0.704
Protein interior,L124F,124,-0.909
Protein interior,L124W,124,-1.225
Protein interior,N126I,126,-2.05
Protein interior,N126S,126,-0.236
Protein interior,L138F,138,-2.34
Protein interior,L138S,138,-3.378
Protein interior,Y141C,141,-0.729
Protein interior,P152A,152,-1.07
Protein interior,P152L,152,-0.731
Protein interior,P152R,152,-1.218
Protein interior,P152T,152,-2.096
Protein interior,F155C,155,-1.147
Protein interior,F155I,155,-1.723
Protein interior,F155S,155,-1.477
Protein interior,D156A,156,-0.796
Protein interior,D156E,156,-0.505
Protein interior,D156G,156,-0.887
Protein interior,D156Y,156,-0.314
Protein interior,G161E,161,-0.279
Protein interior,G161V,161,-0.309
Protein interior,G161W,161,0.024
Protein surface,R91P,91,-0.063
Protein surface,R91Q,91,-0.252
Protein surface,P93S,93,-0.724
Protein surface,T99P,99,-0.922
Protein surface,A117G,117,-0.271
Protein surface,P127L,127,-1.355
Protein surface,Q128P,128,-1.109
Protein surface,K135E,135,-1.778
Protein surface,E143K,143,-0.199
Protein surface,K144R,144,0.094
Protein surface,D147N,147,-1.434
Protein surface,T148A,148,-0.792
Protein surface,S149Y,149,-0.439
Protein surface,D151A,151,-0.317
Protein surface,D151G,151,-0.616
Protein surface,D151Y,151,0.374
Protein surface,R162G,162,-0.629
Protein-DNA interface,R111G,111,-1.696
Protein-DNA interface,R111K,111,-1.204
Protein-DNA interface,G114A,114,-0.898
Protein-DNA interface,R115C,115,0.08
Protein-DNA interface,R115H,115,-0.372
Protein-DNA interface,Y120D,120,-1.535
Protein-DNA interface,D121G,121,-3.297
Protein-DNA interface,D121N,121,-2.287
Protein-DNA interface,D121V,121,-1.808
Protein-DNA interface,G129V,129,-1.698
Protein-DNA interface,K130R,130,-0.533
Protein-DNA interface,A131D,131,-0.734
Protein-DNA interface,R133C,133,-0.118
Protein-DNA interface,R133G,133,-0.752
Protein-DNA interface,R133H,133,-0.286
Protein-DNA interface,R133L,133,-0.315
Protein-DNA interface,R133P,133,-0.826
Protein-DNA interface,S134C,134,-0.395
Protein-DNA interface,S134F,134,-1.765
Protein-DNA interface,S134P,134,-1.295
Protein-DNA interface,A140V,140,-0.498
Protein-DNA interface,F157I,157,-1.664
Protein-DNA interface,F157L,157,-1.941
Protein-DNA interface,T158A,158,-0.953
Protein-DNA interface,T158M,158,-0.247
Protein-DNA interface,T158R,158,-0.292
Protein-DNA interface,T160S,160,0.094
