Protein_position,Unique_substitution_count,PLP_substitution_count,Protein_changes,MeCP2_domain
1,1,1,M1L,NTD
2,0,0,,NTD
3,0,0,,NTD
4,0,0,,NTD
5,0,0,,NTD
6,0,0,,NTD
7,1,1,G7E,NTD
8,0,0,,NTD
9,0,0,,NTD
10,1,0,E10Q,NTD
11,0,0,,NTD
12,1,0,K12N,NTD
13,0,0,,NTD
14,0,0,,NTD
15,0,0,,NTD
16,0,0,,NTD
17,0,0,,NTD
18,0,0,,NTD
19,0,0,,NTD
20,0,0,,NTD
21,0,0,,NTD
22,0,0,,NTD
23,1,0,D23E,NTD
24,0,0,,NTD
25,0,0,,NTD
26,0,0,,NTD
27,0,0,,NTD
28,0,0,,NTD
29,0,0,,NTD
30,0,0,,NTD
31,0,0,,NTD
32,0,0,,NTD
33,0,0,,NTD
34,0,0,,NTD
35,0,0,,NTD
36,0,0,,NTD
37,0,0,,NTD
38,0,0,,NTD
39,0,0,,NTD
40,0,0,,NTD
41,0,0,,NTD
42,0,0,,NTD
43,0,0,,NTD
44,0,0,,NTD
45,0,0,,NTD
46,0,0,,NTD
47,0,0,,NTD
48,0,0,,NTD
49,0,0,,NTD
50,0,0,,NTD
51,1,0,H51Q,NTD
52,1,0,H52R,NTD
53,0,0,,NTD
54,0,0,,NTD
55,0,0,,NTD
56,0,0,,NTD
57,0,0,,NTD
58,0,0,,NTD
59,0,0,,NTD
60,0,0,,NTD
61,0,0,,NTD
62,0,0,,NTD
63,0,0,,NTD
64,0,0,,NTD
65,1,1,S65L,NTD
66,0,0,,NTD
67,0,0,,NTD
68,0,0,,NTD
69,1,0,G69V,NTD
70,1,0,S70P,NTD
71,0,0,,NTD
72,1,0,P72L,NTD
73,0,0,,NTD
74,0,0,,NTD
75,1,0,P75L,NTD
76,0,0,,NTD
77,0,0,,NTD
78,0,0,,MBD
79,0,0,,MBD
80,0,0,,MBD
81,0,0,,MBD
82,1,0,K82R,MBD
83,0,0,,MBD
84,0,0,,MBD
85,1,0,R85C,MBD
86,1,0,S86C,MBD
87,0,0,,MBD
88,0,0,,MBD
89,1,0,R89C,MBD
90,0,0,,MBD
91,2,0,R91P; R91Q,MBD
92,0,0,,MBD
93,1,0,P93S,MBD
94,0,0,,MBD
95,0,0,,MBD
96,0,0,,MBD
97,2,1,D97E; D97Y,MBD
98,0,0,,MBD
99,1,0,T99P,MBD
100,2,1,L100R; L100V,MBD
101,4,4,P101H; P101L; P101R; P101S,MBD
102,0,0,,MBD
103,1,0,G103D,MBD
104,1,0,W104R,MBD
105,0,0,,MBD
106,4,4,R106G; R106L; R106Q; R106W,MBD
107,0,0,,MBD
108,2,2,L108H; L108P,MBD
109,0,0,,MBD
110,0,0,,MBD
111,2,2,R111G; R111K,MBD
112,0,0,,MBD
113,0,0,,MBD
114,1,0,G114A,MBD
115,2,1,R115C; R115H,MBD
116,0,0,,MBD
117,1,1,A117G,MBD
118,1,1,G118E,MBD
119,0,0,,MBD
120,1,0,Y120D,MBD
121,3,3,D121G; D121N; D121V,MBD
122,2,1,V122A; V122M,MBD
123,0,0,,MBD
124,2,2,L124F; L124W,MBD
125,0,0,,MBD
126,2,1,N126I; N126S,MBD
127,1,1,P127L,MBD
128,1,1,Q128P,MBD
129,1,1,G129V,MBD
130,1,0,K130R,MBD
131,1,1,A131D,MBD
132,0,0,,MBD
133,5,5,R133C; R133G; R133H; R133L; R133P,MBD
134,3,3,S134C; S134F; S134P,MBD
135,1,1,K135E,MBD
136,0,0,,MBD
137,0,0,,MBD
138,2,1,L138F; L138S,MBD
139,0,0,,MBD
140,1,1,A140V,MBD
141,1,1,Y141C,MBD
142,0,0,,MBD
143,1,0,E143K,MBD
144,1,0,K144R,MBD
145,0,0,,MBD
146,0,0,,MBD
147,1,0,D147N,MBD
148,1,0,T148A,MBD
149,1,0,S149Y,MBD
150,0,0,,MBD
151,3,3,D151A; D151G; D151Y,MBD
152,4,4,P152A; P152L; P152R; P152T,MBD
153,0,0,,MBD
154,0,0,,MBD
155,3,3,F155C; F155I; F155S,MBD
156,4,4,D156A; D156E; D156G; D156Y,MBD
157,2,2,F157I; F157L,MBD
158,3,3,T158A; T158M; T158R,MBD
159,0,0,,MBD
160,1,0,T160S,MBD
161,3,3,G161E; G161V; G161W,MBD
162,1,1,R162G,MBD
163,0,0,,ID
164,0,0,,ID
165,0,0,,ID
166,0,0,,ID
167,2,1,R167P; R167W,ID
168,0,0,,ID
169,1,0,E169G,ID
170,0,0,,ID
171,0,0,,ID
172,2,0,P172L; P172S,ID
173,3,0,P173A; P173R; P173T,ID
174,0,0,,ID
175,0,0,,ID
176,3,0,P176H; P176L; P176R,ID
177,0,0,,ID
178,1,0,S178C,ID
179,1,0,P179S,ID
180,0,0,,ID
181,1,0,A181V,ID
182,0,0,,ID
183,1,0,G183R,ID
184,1,0,T184S,ID
185,0,0,,ID
186,0,0,,ID
187,0,0,,ID
188,1,0,R188W,ID
189,0,0,,ID
190,2,1,R190C; R190H,ID
191,0,0,,ID
192,0,0,,ID
193,0,0,,ID
194,0,0,,ID
195,0,0,,ID
196,1,0,T196S,ID
197,1,0,T197M,ID
198,0,0,,ID
199,2,0,P199H; P199S,ID
200,0,0,,ID
201,1,0,A201V,ID
202,2,0,A202G; A202V,ID
203,1,0,T203M,ID
204,0,0,,ID
205,0,0,,ID
206,2,0,G206A; G206D,ID
207,0,0,,TRD
208,0,0,,TRD
209,0,0,,TRD
210,1,0,K210I,TRD
211,1,0,R211S,TRD
212,0,0,,TRD
213,1,0,L213V,TRD
214,0,0,,TRD
215,0,0,,TRD
216,0,0,,TRD
217,2,1,P217L; P217S,TRD
218,0,0,,TRD
219,0,0,,TRD
220,0,0,,TRD
221,0,0,,TRD
222,0,0,,TRD
223,0,0,,TRD
224,0,0,,TRD
225,3,3,P225L; P225R; P225T,TRD
226,1,0,F226L,TRD
227,2,0,Q227E; Q227H,TRD
228,1,0,T228S,TRD
229,1,0,S229L,TRD
230,0,0,,TRD
231,1,0,G231R,TRD
232,1,0,G232A,TRD
233,0,0,,TRD
234,1,0,A234G,TRD
235,0,0,,TRD
236,0,0,,TRD
237,1,0,G237V,TRD
238,0,0,,TRD
239,1,0,A239D,TRD
240,0,0,,TRD
241,0,0,,TRD
242,0,0,,TRD
243,0,0,,TRD
244,0,0,,TRD
245,0,0,,TRD
246,0,0,,TRD
247,0,0,,TRD
248,0,0,,TRD
249,0,0,,TRD
250,2,0,R250C; R250H,TRD
251,2,0,P251L; P251R,TRD
252,0,0,,TRD
253,0,0,,TRD
254,0,0,,TRD
255,1,1,R255P,TRD
256,0,0,,TRD
257,0,0,,TRD
258,0,0,,TRD
259,0,0,,TRD
260,0,0,,TRD
261,1,0,P261R,TRD
262,0,0,,TRD
263,0,0,,TRD
264,0,0,,TRD
265,0,0,,TRD
266,0,0,,TRD
267,0,0,,TRD
268,1,0,R268W,TRD
269,0,0,,TRD
270,1,0,R270G,TRD
271,0,0,,TRD
272,1,0,P272L,TRD
273,0,0,,TRD
274,0,0,,TRD
275,1,0,V275A,TRD
276,0,0,,TRD
277,0,0,,TRD
278,1,0,A278T,TRD
279,1,1,A279V,TRD
280,0,0,,TRD
281,1,0,A281T,TRD
282,0,0,,TRD
283,0,0,,TRD
284,1,0,K284E,TRD
285,0,0,,TRD
286,1,0,K286R,TRD
287,1,0,A287P,TRD
288,1,0,V288M,TRD
289,0,0,,TRD
290,0,0,,TRD
291,1,0,S291A,TRD
292,0,0,,TRD
293,1,0,I293M,TRD
294,1,0,R294P,TRD
295,0,0,,TRD
296,0,0,,TRD
297,0,0,,TRD
298,0,0,,TRD
299,0,0,,TRD
300,1,0,V300I,TRD
301,1,0,L301V,TRD
302,6,6,P302A; P302H; P302L; P302R; P302S; P302T,TRD
303,2,1,I303M; I303S,TRD
304,4,4,K304E; K304N; K304Q; K304R,TRD
305,4,4,K305E; K305N; K305R; K305T,TRD
306,3,3,R306C; R306H; R306L,TRD
307,0,0,,TRD
308,1,1,T308I,TRD
309,1,1,R309W,TRD
310,0,0,,TRD
311,1,0,T311M,CRD
312,0,0,,CRD
313,0,0,,CRD
314,0,0,,CRD
315,0,0,,CRD
316,0,0,,CRD
317,0,0,,CRD
318,1,0,E318A,CRD
319,1,0,V319M,CRD
320,0,0,,CRD
321,1,0,K321E,CRD
322,3,3,P322A; P322L; P322S,CRD
323,0,0,,CRD
324,0,0,,CRD
325,0,0,,CRD
326,0,0,,CRD
327,0,0,,CRD
328,1,0,L328V,CRD
329,1,0,G329S,CRD
330,0,0,,CRD
331,1,0,K331R,CRD
332,0,0,,CRD
333,0,0,,CRD
334,0,0,,CRD
335,0,0,,CRD
336,1,0,L336V,CRD
337,0,0,,CRD
338,1,0,T338S,CRD
339,1,0,C339R,CRD
340,0,0,,CRD
341,0,0,,CRD
342,1,0,P342R,CRD
343,0,0,,CRD
344,2,0,R344G; R344W,CRD
345,0,0,,CRD
346,1,0,S346R,CRD
347,0,0,,CRD
348,0,0,,CRD
349,0,0,,CRD
350,0,0,,CRD
351,0,0,,CRD
352,0,0,,CRD
353,0,0,,CRD
354,3,0,R354C; R354H; R354L,CRD
355,1,0,S355R,CRD
356,0,0,,CRD
357,0,0,,CRD
358,1,0,A358T,CRD
359,1,0,S359P,CRD
360,0,0,,CRD
361,2,0,P361A; P361S,CRD
362,1,0,P362S,CRD
363,0,0,,CRD
364,0,0,,CRD
365,0,0,,CRD
366,0,0,,CRD
367,0,0,,CRD
368,1,0,H368Y,CRD
369,0,0,,CRD
370,1,0,H370Q,CRD
371,0,0,,CRD
372,1,0,H372Y,CRD
373,0,0,,CRD
374,1,0,E374Q,CRD
375,0,0,,CRD
376,2,0,P376R; P376S,CRD
377,0,0,,CRD
378,4,0,A378G; A378S; A378T; A378V,CRD
379,1,0,P379S,CRD
380,1,0,V380M,CRD
381,2,0,P381A; P381S,CRD
382,0,0,,CRD
383,2,0,L383F; L383P,CRD
384,2,0,P384L; P384S,CRD
385,1,0,P385S,CRD
386,0,0,,CRD
387,1,0,P387L,CRD
388,4,0,P388A; P388L; P388S; P388T,CRD
389,0,0,,CRD
390,1,0,P390L,CRD
391,1,0,P391A,CRD
392,1,0,E392A,CRD
393,1,0,P393L,CRD
394,1,0,E394K,CRD
395,0,0,,CRD
396,0,0,,CRD
397,1,0,E397K,CRD
398,1,0,D398A,CRD
399,2,0,P399L; P399S,CRD
400,0,0,,CRD
401,1,0,S401N,CRD
402,2,0,P402L; P402T,CRD
403,2,0,P403L; P403R,CRD
404,1,0,E404K,CRD
405,1,0,P405L,CRD
406,0,0,,CRD
407,1,0,D407N,CRD
408,0,0,,CRD
409,0,0,,CRD
410,1,0,S410N,CRD
411,0,0,,CRD
412,1,0,V412I,CRD
413,1,0,C413R,CRD
414,0,0,,CRD
415,0,0,,CRD
416,0,0,,CRD
417,1,0,K417M,CRD
418,1,0,M418T,CRD
419,3,0,P419A; P419L; P419S,CRD
420,0,0,,CRD
421,0,0,,CRD
422,0,0,,CRD
423,0,0,,CRD
424,0,0,,CRD
425,0,0,,CRD
426,0,0,,CRD
427,0,0,,CRD
428,1,0,G428S,CRD
429,0,0,,CRD
430,1,0,P430S,CRD
431,1,0,K431T,CRD
432,0,0,,CRD
433,0,0,,CRD
434,0,0,,CRD
435,0,0,,CRD
436,0,0,,CRD
437,1,0,Q437K,CRD
438,0,0,,CRD
439,3,0,A439S; A439T; A439V,CRD
440,0,0,,CRD
441,0,0,,CRD
442,1,0,T442A,CRD
443,2,0,A443T; A443V,CRD
444,1,0,A444T,CRD
445,0,0,,CRD
446,0,0,,CRD
447,2,0,A447T; A447V,CRD
448,0,0,,CRD
449,0,0,,CRD
450,0,0,,CRD
451,0,0,,CRD
452,0,0,,CRD
453,1,0,R453Q,CRD
454,0,0,,CRD
455,0,0,,CRD
456,0,0,,CRD
457,0,0,,CRD
458,2,0,R458C; R458H,CRD
459,0,0,,CRD
460,0,0,,CRD
461,0,0,,CRD
462,0,0,,CRD
463,0,0,,CRD
464,0,0,,CRD
465,1,0,S465P,CRD
466,0,0,,CRD
467,0,0,,CRD
468,0,0,,CRD
469,0,0,,CRD
470,0,0,,CRD
471,1,0,R471T,CRD
472,0,0,,CRD
473,2,0,E473D; E473Q,CRD
474,0,0,,CRD
475,0,0,,CRD
476,0,0,,CRD
477,1,0,S477T,CRD
478,1,0,R478Q,CRD
479,1,0,T479M,CRD
480,1,0,P480S,CRD
481,1,0,V481M,CRD
482,0,0,,CRD
483,2,0,E483D; E483K,CRD
484,1,0,R484T,CRD
485,0,0,,CRD
486,0,0,,CRD
