System,Mean_RMSD,SD_RMSD,Mean_plus_minus_SD,Median_RMSD,Q1_RMSD,Q3_RMSD,IQR_RMSD,IQR_Range_Q1_to_Q3,Lower_1.5IQR_Fence,Upper_1.5IQR_Fence,Whisker_Low,Whisker_High,Main_Range_Whiskers,Min_RMSD,Max_RMSD,Outlier_Count,Outlier_Percent,Frames,Number_of_Runs,Mean_of_Run_Means,SD_of_Run_Means,Run_Mean_plus_minus_SD,Delta_Mean_vs_WT,Percent_Mean_Change_vs_WT,Delta_Median_vs_WT
WT,3.165633,0.582851,3.166 ± 0.583,3.113142,2.754035,3.518925,0.764890,2.754–3.519,1.606700,4.666260,1.638594,4.661024,1.639–4.661,1.638594,6.316810,274,1.141667,24000,3,3.165633,0.281790,3.166 ± 0.282,0.000000,0.000000,0.000000
Arg106Gly,3.476733,0.720779,3.477 ± 0.721,3.375283,2.920738,3.960221,1.039483,2.921–3.960,1.361514,5.519446,1.680413,5.517694,1.680–5.518,1.680413,6.177382,71,0.295833,24000,3,3.476733,0.623453,3.477 ± 0.623,0.311101,9.827435,0.262142
Arg106Leu,4.005018,0.980680,4.005 ± 0.981,3.939814,3.171747,4.689129,1.517382,3.172–4.689,0.895674,6.965203,1.999493,6.960370,1.999–6.960,1.999493,7.859756,47,0.195833,24000,3,4.005018,0.987819,4.005 ± 0.988,0.839385,26.515566,0.826672
Arg106Trp,3.978875,0.993977,3.979 ± 0.994,3.649812,3.198239,4.821066,1.622827,3.198–4.821,0.763997,7.255307,2.004955,7.252604,2.005–7.253,2.004955,7.252604,0,0.000000,24000,3,3.978875,1.054622,3.979 ± 1.055,0.813242,25.689727,0.536671
Arg111Gly,3.482502,0.570256,3.483 ± 0.570,3.470564,3.076298,3.855913,0.779614,3.076–3.856,1.906877,5.025334,1.907970,5.025067,1.908–5.025,1.812632,6.642962,223,0.929167,24000,3,3.482502,0.192776,3.483 ± 0.193,0.316869,10.009670,0.357422
Arg133Cys,4.084986,1.348528,4.085 ± 1.349,3.995458,2.978109,5.057381,2.079272,2.978–5.057,-0.140799,8.176289,1.575775,8.167205,1.576–8.167,1.575775,9.765178,63,0.262500,24000,3,4.084986,1.326252,4.085 ± 1.326,0.919353,29.041680,0.882317
Arg133Gly,3.027651,0.544219,3.028 ± 0.544,2.994297,2.624657,3.365092,0.740436,2.625–3.365,1.514003,4.475746,1.598974,4.472890,1.599–4.473,1.598974,5.531945,267,1.112500,24000,3,3.027651,0.167009,3.028 ± 0.167,-0.137982,-4.358749,-0.118845
Arg133Leu,4.320816,1.201735,4.321 ± 1.202,4.305657,3.281455,5.195459,1.914004,3.281–5.195,0.410449,8.066464,1.671280,8.058094,1.671–8.058,1.671280,8.893291,15,0.062500,24000,3,4.320816,1.161626,4.321 ± 1.162,1.155183,36.491377,1.192515
Glu143Lys,3.168186,0.648795,3.168 ± 0.649,3.108150,2.686094,3.609279,0.923185,2.686–3.609,1.301316,4.994056,1.468179,4.993355,1.468–4.993,1.468179,5.875260,104,0.433333,24000,3,3.168186,0.364365,3.168 ± 0.364,0.002553,0.080655,-0.004991
