System,Index,Type,RMSF_mean,RMSF_sd,n_runs,Region,Plot_X
WT,1,Protein,1.2083000000000002,0.1945851227612225,3,Protein,94
WT,2,Protein,1.1980333333333333,0.15736461906455765,3,Protein,95
WT,3,Protein,1.2512333333333334,0.16162278098502494,3,Protein,96
WT,4,Protein,1.2152333333333332,0.12296216220176566,3,Protein,97
WT,5,Protein,1.5553666666666668,0.11696513725607884,3,Protein,98
WT,6,Protein,1.453,0.11772306485986506,3,Protein,99
WT,7,Protein,1.2004,0.08801823674671061,3,Protein,100
WT,8,Protein,1.3845,0.09992537215342254,3,Protein,101
WT,9,Protein,1.5617999999999999,0.10578903534865985,3,Protein,102
WT,10,Protein,1.4593999999999998,0.11285916001813948,3,Protein,103
WT,11,Protein,1.1249666666666667,0.07702631584941166,3,Protein,104
WT,12,Protein,1.0504,0.060417629877379295,3,Protein,105
WT,13,Protein,0.9176000000000001,0.06069110313711561,3,Protein,106
WT,14,Protein,0.9944333333333333,0.08357615289861887,3,Protein,107
WT,15,Protein,0.9488333333333333,0.06295683706582893,3,Protein,108
WT,16,Protein,1.1163333333333334,0.10484428135732202,3,Protein,109
WT,17,Protein,1.1633000000000002,0.06480956719497528,3,Protein,110
WT,18,Protein,1.1895333333333333,0.045442417776052964,3,Protein,111
WT,19,Protein,1.5936000000000001,0.049728965402469426,3,Protein,112
WT,20,Protein,1.5179666666666665,0.00419682419614324,3,Protein,113
WT,21,Protein,1.5272333333333332,0.010743059775191233,3,Protein,114
WT,22,Protein,1.6130333333333333,0.09890117963570176,3,Protein,115
WT,23,Protein,1.350766666666667,0.13429107689393713,3,Protein,116
WT,24,Protein,1.4203666666666666,0.11956263351621747,3,Protein,117
WT,25,Protein,1.4803666666666668,0.16842524553443083,3,Protein,118
WT,26,Protein,1.2435,0.11568249651524638,3,Protein,119
WT,27,Protein,1.0446666666666666,0.08777752179990794,3,Protein,120
WT,28,Protein,0.8761666666666666,0.09249012559907858,3,Protein,121
WT,29,Protein,0.8180666666666667,0.08345336022793412,3,Protein,122
WT,30,Protein,0.8231333333333333,0.10068268636331339,3,Protein,123
WT,31,Protein,0.8401666666666667,0.06842750421674991,3,Protein,124
WT,32,Protein,1.0186666666666666,0.06099068234848126,3,Protein,125
WT,33,Protein,1.1864999999999999,0.09675784205944238,3,Protein,126
WT,34,Protein,1.4797,0.1451178486610107,3,Protein,127
WT,35,Protein,1.7260666666666669,0.1689306465190178,3,Protein,128
WT,36,Protein,1.5917000000000001,0.17210915141270094,3,Protein,129
WT,37,Protein,1.4327333333333332,0.09654586129572479,3,Protein,130
WT,38,Protein,1.1480666666666666,0.0704591607481477,3,Protein,131
WT,39,Protein,0.967,0.09690856515293164,3,Protein,132
WT,40,Protein,1.1085,0.1599054408079976,3,Protein,133
WT,41,Protein,1.4448666666666667,0.16352652180405874,3,Protein,134
WT,42,Protein,1.3787666666666667,0.11761948534717084,3,Protein,135
WT,43,Protein,1.6749,0.1405692711797284,3,Protein,136
WT,44,Protein,1.5947000000000002,0.12164205687179094,3,Protein,137
WT,45,Protein,1.2949,0.09209647115932298,3,Protein,138
WT,46,Protein,1.6469666666666667,0.09057230997017428,3,Protein,139
WT,47,Protein,1.9495000000000002,0.08710154992880452,3,Protein,140
WT,48,Protein,1.7083333333333333,0.06257925641403336,3,Protein,141
WT,49,Protein,1.7635333333333332,0.07913661183885311,3,Protein,142
WT,50,Protein,2.2481333333333335,0.10623183766335452,3,Protein,143
WT,51,Protein,2.4648333333333334,0.09480703208799073,3,Protein,144
WT,52,Protein,2.4636333333333336,0.06399236933676805,3,Protein,145
WT,53,Protein,2.7825,0.16047217827399216,3,Protein,146
WT,54,Protein,3.0695,0.15530444294996848,3,Protein,147
WT,55,Protein,3.1458999999999997,0.2994950917794815,3,Protein,148
WT,56,Protein,3.1075,0.13971996993987648,3,Protein,149
WT,57,Protein,2.4004,0.8002046675694914,3,Protein,150
WT,58,Protein,2.013666666666667,0.30311951988173474,3,Protein,151
WT,59,Protein,1.7129,0.13129447817787296,3,Protein,152
WT,60,Protein,2.1351999999999998,0.08461459684947964,3,Protein,153
WT,61,Protein,1.8681333333333334,0.09361486705290634,3,Protein,154
WT,62,Protein,1.1341999999999999,0.09293045787038831,3,Protein,155
WT,63,Protein,1.1151333333333333,0.14447547658109086,3,Protein,156
WT,64,Protein,0.9163,0.11346598609274945,3,Protein,157
WT,65,Protein,1.0078333333333334,0.1476619224219071,3,Protein,158
WT,66,Protein,1.0339666666666667,0.19950081035758555,3,Protein,159
WT,67,Protein,1.3404,0.2731500137287203,3,Protein,160
WT,68,Protein,1.6674,0.37263445895408015,3,Protein,161
WT,69,Protein,2.1639,0.51166848642456,3,Protein,162
WT,70,DNA,4.8808,0.05592468149216409,3,DNA,1
WT,71,DNA,3.9600333333333335,0.11655884064854714,3,DNA,2
WT,72,DNA,3.3631666666666664,0.08320488767694667,3,DNA,3
WT,73,DNA,2.8494000000000006,0.06815929870531233,3,DNA,4
WT,74,DNA,2.2902,0.05660106006074443,3,DNA,5
WT,75,DNA,1.9213666666666667,0.056036624928106946,3,DNA,6
WT,76,DNA,1.6859333333333335,0.06663034844073179,3,DNA,7
WT,77,DNA,1.5378999999999998,0.12561659922159973,3,DNA,8
WT,78,DNA,1.4720333333333333,0.06752076223898341,3,DNA,9
WT,79,DNA,1.6504666666666665,0.08020600559392871,3,DNA,10
WT,80,DNA,1.7435,0.10628809905158705,3,DNA,11
WT,81,DNA,1.7329666666666668,0.15626753768244167,3,DNA,12
WT,82,DNA,1.6433666666666669,0.15436989127849166,3,DNA,13
WT,83,DNA,1.5394666666666668,0.1723002418261023,3,DNA,14
WT,84,DNA,1.469833333333333,0.2022458981866711,3,DNA,15
WT,85,DNA,1.5542666666666667,0.14312128888929604,3,DNA,16
WT,86,DNA,1.7237333333333333,0.06442377925373002,3,DNA,17
WT,87,DNA,2.0005,0.08351592662480602,3,DNA,18
WT,88,DNA,2.4275333333333333,0.15829511468561921,3,DNA,19
WT,89,DNA,3.122833333333334,0.23940092592413537,3,DNA,20
WT,90,DNA,4.9683,0.2497778412910163,3,DNA,21
WT,91,DNA,3.8026999999999997,0.2477508425818164,3,DNA,22
WT,92,DNA,3.0582,0.20482233764899782,3,DNA,23
WT,93,DNA,2.5221666666666667,0.14643771144528772,3,DNA,24
WT,94,DNA,2.165266666666667,0.13508443038830684,3,DNA,25
WT,95,DNA,1.979,0.1274987450918636,3,DNA,26
WT,96,DNA,1.8839333333333332,0.10750648042482519,3,DNA,27
WT,97,DNA,1.7715666666666667,0.11254907077951966,3,DNA,28
WT,98,DNA,1.5868000000000002,0.14618560120613797,3,DNA,29
WT,99,DNA,1.3658333333333335,0.17649488188991005,3,DNA,30
WT,100,DNA,1.2740333333333334,0.19785237762870908,3,DNA,31
WT,101,DNA,1.4018333333333333,0.09056623727048253,3,DNA,32
WT,102,DNA,1.4334333333333333,0.07001752161661638,3,DNA,33
WT,103,DNA,1.5251000000000001,0.10160723399443562,3,DNA,34
WT,104,DNA,1.5808333333333333,0.03835131462327378,3,DNA,35
WT,105,DNA,1.6728333333333332,0.0034268547289508034,3,DNA,36
WT,106,DNA,1.8343666666666667,0.017237845959786634,3,DNA,37
WT,107,DNA,2.0406,0.011781765572272907,3,DNA,38
WT,108,DNA,2.336866666666667,0.032713045308153825,3,DNA,39
WT,109,DNA,2.9924,0.06340039432054045,3,DNA,40
Arg106Gly,1,Protein,5.052733333333333,4.280009189631879,3,Protein,94
Arg106Gly,2,Protein,4.776700000000001,3.466431301785743,3,Protein,95
Arg106Gly,3,Protein,4.205633333333334,2.3566136771506137,3,Protein,96
Arg106Gly,4,Protein,3.4814333333333334,1.7004169498488697,3,Protein,97
Arg106Gly,5,Protein,3.243,0.9366794062004353,3,Protein,98
Arg106Gly,6,Protein,2.4751333333333334,0.36369340567754804,3,Protein,99
Arg106Gly,7,Protein,1.7029666666666667,0.22056496397509134,3,Protein,100
Arg106Gly,8,Protein,1.7386,0.24932516920680103,3,Protein,101
Arg106Gly,9,Protein,1.82,0.21346458722701506,3,Protein,102
Arg106Gly,10,Protein,1.6795333333333335,0.11062975790144956,3,Protein,103
Arg106Gly,11,Protein,1.2213666666666667,0.05190089915727228,3,Protein,104
Arg106Gly,12,Protein,1.2574666666666667,0.08584039453155688,3,Protein,105
Arg106Gly,13,Protein,1.1550666666666667,0.08215621299289146,3,Protein,106
Arg106Gly,14,Protein,1.1095,0.08280114733504604,3,Protein,107
Arg106Gly,15,Protein,1.083,0.10886519186590372,3,Protein,108
Arg106Gly,16,Protein,1.0702333333333334,0.09062589769670329,3,Protein,109
Arg106Gly,17,Protein,1.1630333333333334,0.1385057519864549,3,Protein,110
Arg106Gly,18,Protein,1.1457333333333333,0.14730330387786064,3,Protein,111
Arg106Gly,19,Protein,1.4298666666666666,0.24381618759494497,3,Protein,112
Arg106Gly,20,Protein,1.4364333333333335,0.1704585091256325,3,Protein,113
Arg106Gly,21,Protein,1.4592333333333334,0.15618454895838224,3,Protein,114
Arg106Gly,22,Protein,1.5845666666666667,0.1830602724059302,3,Protein,115
Arg106Gly,23,Protein,1.3682666666666667,0.16030350380866096,3,Protein,116
Arg106Gly,24,Protein,1.4213333333333333,0.1866025812611747,3,Protein,117
Arg106Gly,25,Protein,1.4928000000000001,0.23567861591582723,3,Protein,118
Arg106Gly,26,Protein,1.2781666666666667,0.18224956332823763,3,Protein,119
Arg106Gly,27,Protein,1.1086666666666667,0.12325178835754612,3,Protein,120
Arg106Gly,28,Protein,0.9260666666666667,0.0964579874003875,3,Protein,121
Arg106Gly,29,Protein,0.9148666666666667,0.09947875820160475,3,Protein,122
Arg106Gly,30,Protein,0.8227333333333333,0.04710353843750313,3,Protein,123
Arg106Gly,31,Protein,0.8469000000000001,0.024417821360637415,3,Protein,124
Arg106Gly,32,Protein,1.0448333333333333,0.05066619517324485,3,Protein,125
Arg106Gly,33,Protein,1.2348999999999999,0.06192665015968495,3,Protein,126
Arg106Gly,34,Protein,1.6597666666666668,0.13485600963002467,3,Protein,127
Arg106Gly,35,Protein,1.9747333333333332,0.15153799303585003,3,Protein,128
Arg106Gly,36,Protein,1.7664333333333333,0.11972060529972829,3,Protein,129
Arg106Gly,37,Protein,1.5402333333333333,0.08927353097829917,3,Protein,130
Arg106Gly,38,Protein,1.1795666666666667,0.05121585041111129,3,Protein,131
Arg106Gly,39,Protein,0.9082666666666667,0.015702653703541087,3,Protein,132
Arg106Gly,40,Protein,0.9789,0.04024189359361709,3,Protein,133
Arg106Gly,41,Protein,1.3775000000000002,0.07088497725188316,3,Protein,134
Arg106Gly,42,Protein,1.4694333333333336,0.09128046523398824,3,Protein,135
Arg106Gly,43,Protein,1.7797333333333334,0.06070225146840381,3,Protein,136
Arg106Gly,44,Protein,1.6023333333333334,0.03656861131261793,3,Protein,137
Arg106Gly,45,Protein,1.3445,0.023981451165432054,3,Protein,138
Arg106Gly,46,Protein,1.8148666666666664,0.06592126616906965,3,Protein,139
Arg106Gly,47,Protein,2.0873666666666666,0.05883301227485582,3,Protein,140
Arg106Gly,48,Protein,1.8223333333333336,0.0739568342571079,3,Protein,141
Arg106Gly,49,Protein,1.9290666666666665,0.13097604106604133,3,Protein,142
Arg106Gly,50,Protein,2.498466666666667,0.09003523384394223,3,Protein,143
Arg106Gly,51,Protein,2.7968666666666664,0.013040833306707763,3,Protein,144
Arg106Gly,52,Protein,2.7170666666666663,0.04052472496308058,3,Protein,145
Arg106Gly,53,Protein,2.9316666666666666,0.35801084248013104,3,Protein,146
Arg106Gly,54,Protein,3.1574000000000004,0.3165977100359382,3,Protein,147
Arg106Gly,55,Protein,3.0900666666666665,0.09568747741127545,3,Protein,148
Arg106Gly,56,Protein,3.1616666666666666,0.13356093490737994,3,Protein,149
Arg106Gly,57,Protein,2.375033333333333,0.021062130313273867,3,Protein,150
Arg106Gly,58,Protein,2.1964333333333332,0.36450023776855517,3,Protein,151
Arg106Gly,59,Protein,2.0497333333333336,0.46784542675261176,3,Protein,152
Arg106Gly,60,Protein,2.413866666666667,0.20329066218922406,3,Protein,153
Arg106Gly,61,Protein,2.1421333333333332,0.1769778611389948,3,Protein,154
Arg106Gly,62,Protein,1.5174666666666667,0.20073749857297052,3,Protein,155
Arg106Gly,63,Protein,1.4744666666666666,0.04949467984878097,3,Protein,156
Arg106Gly,64,Protein,1.1268666666666667,0.09552907061901802,3,Protein,157
Arg106Gly,65,Protein,1.2416333333333334,0.11171147359753744,3,Protein,158
Arg106Gly,66,Protein,1.4367666666666665,0.3389079717760167,3,Protein,159
Arg106Gly,67,Protein,1.9790333333333334,0.6783451211097001,3,Protein,160
Arg106Gly,68,Protein,2.7182,1.4689393418381849,3,Protein,161
Arg106Gly,69,Protein,4.232166666666667,1.8273377146366059,3,Protein,162
Arg106Gly,70,DNA,4.830733333333334,0.12198427494285195,3,DNA,1
Arg106Gly,71,DNA,3.963566666666667,0.14822807876152672,3,DNA,2
Arg106Gly,72,DNA,3.1866,0.04454851288202571,3,DNA,3
Arg106Gly,73,DNA,2.6552666666666664,0.04245118765515694,3,DNA,4
Arg106Gly,74,DNA,2.0997999999999997,0.09233655830709768,3,DNA,5
Arg106Gly,75,DNA,1.7875666666666667,0.1666959007694351,3,DNA,6
Arg106Gly,76,DNA,1.4458333333333335,0.14834316072314657,3,DNA,7
Arg106Gly,77,DNA,1.2256666666666667,0.1408610071429752,3,DNA,8
Arg106Gly,78,DNA,1.3541,0.14896214284173018,3,DNA,9
Arg106Gly,79,DNA,1.5679666666666667,0.1293189983464662,3,DNA,10
Arg106Gly,80,DNA,1.7314,0.13801438330840723,3,DNA,11
Arg106Gly,81,DNA,1.8267,0.15653398991912265,3,DNA,12
Arg106Gly,82,DNA,1.7495333333333332,0.11514379415901388,3,DNA,13
Arg106Gly,83,DNA,1.7051333333333334,0.1032461298709707,3,DNA,14
Arg106Gly,84,DNA,1.7050333333333334,0.10853986978679005,3,DNA,15
Arg106Gly,85,DNA,1.7349333333333334,0.09242950466887358,3,DNA,16
Arg106Gly,86,DNA,1.8415666666666668,0.08823345926196777,3,DNA,17
Arg106Gly,87,DNA,2.1298333333333335,0.09711242625603268,3,DNA,18
Arg106Gly,88,DNA,2.665233333333333,0.14528042997366628,3,DNA,19
Arg106Gly,89,DNA,3.6250999999999998,0.3055793841213768,3,DNA,20
Arg106Gly,90,DNA,5.349866666666666,0.3647802671929136,3,DNA,21
Arg106Gly,91,DNA,4.086433333333333,0.2472504061338083,3,DNA,22
Arg106Gly,92,DNA,3.283533333333333,0.1419608866319641,3,DNA,23
Arg106Gly,93,DNA,2.7063,0.09858432938352826,3,DNA,24
Arg106Gly,94,DNA,2.3334333333333332,0.09035249489268882,3,DNA,25
Arg106Gly,95,DNA,2.1197666666666666,0.10275613525884139,3,DNA,26
Arg106Gly,96,DNA,1.9830666666666668,0.08221619872831223,3,DNA,27
Arg106Gly,97,DNA,1.8751,0.07259779610979937,3,DNA,28
Arg106Gly,98,DNA,1.7417333333333334,0.11197099326760183,3,DNA,29
Arg106Gly,99,DNA,1.6175333333333333,0.1591000104755915,3,DNA,30
Arg106Gly,100,DNA,1.4148666666666667,0.2225971548185946,3,DNA,31
Arg106Gly,101,DNA,1.3727999999999998,0.19123213642063414,3,DNA,32
Arg106Gly,102,DNA,1.3255,0.12280134364085772,3,DNA,33
Arg106Gly,103,DNA,1.3611333333333333,0.0917043801207628,3,DNA,34
Arg106Gly,104,DNA,1.4572333333333332,0.06855306946689789,3,DNA,35
Arg106Gly,105,DNA,1.6488666666666667,0.04185861122079103,3,DNA,36
Arg106Gly,106,DNA,1.8254666666666666,0.06725245968240375,3,DNA,37
Arg106Gly,107,DNA,2.0412999999999997,0.07460140749342462,3,DNA,38
Arg106Gly,108,DNA,2.335366666666667,0.05570424879067423,3,DNA,39
Arg106Gly,109,DNA,2.9205666666666663,0.04347669874005312,3,DNA,40
Arg106Leu,1,Protein,3.7463,1.3959421800346892,3,Protein,94
Arg106Leu,2,Protein,4.241433333333333,1.7462469766139421,3,Protein,95
Arg106Leu,3,Protein,4.060033333333333,0.7718446886086172,3,Protein,96
Arg106Leu,4,Protein,3.4575333333333336,0.9876135090881113,3,Protein,97
Arg106Leu,5,Protein,3.3229666666666664,1.003286610761518,3,Protein,98
Arg106Leu,6,Protein,3.193,0.8295513908131311,3,Protein,99
Arg106Leu,7,Protein,2.2485666666666666,0.5820066351282718,3,Protein,100
Arg106Leu,8,Protein,2.1493,0.1924701275523037,3,Protein,101
Arg106Leu,9,Protein,2.2390666666666665,0.21830864236977263,3,Protein,102
Arg106Leu,10,Protein,1.9488,0.11469921534169272,3,Protein,103
Arg106Leu,11,Protein,1.3617666666666668,0.12713639657208065,3,Protein,104
Arg106Leu,12,Protein,1.5292333333333332,0.27709807529705693,3,Protein,105
Arg106Leu,13,Protein,1.4066333333333334,0.3006029662750075,3,Protein,106
Arg106Leu,14,Protein,1.5488,0.36039571307106294,3,Protein,107
Arg106Leu,15,Protein,1.4383666666666668,0.29013681830014837,3,Protein,108
Arg106Leu,16,Protein,1.3755,0.1704934016318518,3,Protein,109
Arg106Leu,17,Protein,1.3663999999999998,0.12146633278402705,3,Protein,110
Arg106Leu,18,Protein,1.3928333333333331,0.10687873190365493,3,Protein,111
Arg106Leu,19,Protein,1.9418666666666666,0.18914423949286258,3,Protein,112
Arg106Leu,20,Protein,2.1135333333333333,0.06255080601665597,3,Protein,113
Arg106Leu,21,Protein,2.4842333333333335,0.31149504543946344,3,Protein,114
Arg106Leu,22,Protein,2.193733333333333,0.2310124311229447,3,Protein,115
Arg106Leu,23,Protein,1.7704666666666666,0.19611449037063353,3,Protein,116
Arg106Leu,24,Protein,2.0876333333333332,0.4310838240218871,3,Protein,117
Arg106Leu,25,Protein,1.9710666666666665,0.17332282980996278,3,Protein,118
Arg106Leu,26,Protein,1.5254333333333332,0.18287023632437663,3,Protein,119
Arg106Leu,27,Protein,1.2528666666666666,0.09879859985512614,3,Protein,120
Arg106Leu,28,Protein,1.0757666666666668,0.1262165335181305,3,Protein,121
Arg106Leu,29,Protein,1.1089333333333333,0.17813035489026943,3,Protein,122
Arg106Leu,30,Protein,0.8726333333333334,0.11376028891196316,3,Protein,123
Arg106Leu,31,Protein,0.8646333333333334,0.12399243256478742,3,Protein,124
Arg106Leu,32,Protein,1.1147,0.09573719235490456,3,Protein,125
Arg106Leu,33,Protein,1.3740666666666668,0.10727965013614343,3,Protein,126
Arg106Leu,34,Protein,1.8937333333333333,0.10901671125718913,3,Protein,127
Arg106Leu,35,Protein,2.4567666666666668,0.3314306312538617,3,Protein,128
Arg106Leu,36,Protein,2.4540333333333333,0.7974989299888326,3,Protein,129
Arg106Leu,37,Protein,2.012966666666667,0.48296577863585044,3,Protein,130
Arg106Leu,38,Protein,1.4374333333333336,0.26098222800285326,3,Protein,131
Arg106Leu,39,Protein,1.2242,0.17682830655751922,3,Protein,132
Arg106Leu,40,Protein,1.3000333333333334,0.08136229675552019,3,Protein,133
Arg106Leu,41,Protein,1.9593333333333334,0.5668415504647956,3,Protein,134
Arg106Leu,42,Protein,2.3942666666666668,0.7611785226432319,3,Protein,135
Arg106Leu,43,Protein,2.9751,0.8970135116039222,3,Protein,136
Arg106Leu,44,Protein,2.5789,0.6674296142665533,3,Protein,137
Arg106Leu,45,Protein,2.191133333333333,0.49462968302896404,3,Protein,138
Arg106Leu,46,Protein,3.0455,0.7835977092871058,3,Protein,139
Arg106Leu,47,Protein,3.3974999999999995,0.9062959946948901,3,Protein,140
Arg106Leu,48,Protein,2.837066666666667,0.6637763503871869,3,Protein,141
Arg106Leu,49,Protein,2.9799,0.6326081014340552,3,Protein,142
Arg106Leu,50,Protein,3.883233333333333,0.9815286920581247,3,Protein,143
Arg106Leu,51,Protein,3.981666666666667,1.0096968670513606,3,Protein,144
Arg106Leu,52,Protein,3.5851333333333333,0.6797205479705122,3,Protein,145
Arg106Leu,53,Protein,3.6220666666666665,0.4298593413354342,3,Protein,146
Arg106Leu,54,Protein,3.713033333333333,0.5841147946536993,3,Protein,147
Arg106Leu,55,Protein,3.6989666666666667,0.5772476880277071,3,Protein,148
Arg106Leu,56,Protein,3.5012666666666665,0.1995879338370266,3,Protein,149
Arg106Leu,57,Protein,2.939,0.38510841330721396,3,Protein,150
Arg106Leu,58,Protein,3.339933333333333,0.674812050376498,3,Protein,151
Arg106Leu,59,Protein,3.0413,0.5879113793761778,3,Protein,152
Arg106Leu,60,Protein,3.6578,0.7126051571522618,3,Protein,153
Arg106Leu,61,Protein,3.288266666666667,0.6427300703509469,3,Protein,154
Arg106Leu,62,Protein,2.4668666666666668,0.5232434837944313,3,Protein,155
Arg106Leu,63,Protein,2.5188333333333333,0.9772186722189323,3,Protein,156
Arg106Leu,64,Protein,1.6684,0.5873273703821406,3,Protein,157
Arg106Leu,65,Protein,1.9464333333333332,0.6817772167895708,3,Protein,158
Arg106Leu,66,Protein,2.6127333333333334,0.5951678110695615,3,Protein,159
Arg106Leu,67,Protein,3.0191,1.2461290342496638,3,Protein,160
Arg106Leu,68,Protein,3.679866666666667,1.3063699871526955,3,Protein,161
Arg106Leu,69,Protein,4.6787,1.4790571219530364,3,Protein,162
Arg106Leu,70,DNA,4.825166666666667,0.17864910672414,3,DNA,1
Arg106Leu,71,DNA,4.231533333333334,0.1475208911759055,3,DNA,2
Arg106Leu,72,DNA,3.689166666666667,0.2474348870578547,3,DNA,3
Arg106Leu,73,DNA,3.1772666666666667,0.2593179579846589,3,DNA,4
Arg106Leu,74,DNA,2.6781666666666673,0.27821432984900907,3,DNA,5
Arg106Leu,75,DNA,2.2670666666666666,0.2771345762140361,3,DNA,6
Arg106Leu,76,DNA,2.060566666666667,0.11943237975244954,3,DNA,7
Arg106Leu,77,DNA,2.1119666666666665,0.1771344216501505,3,DNA,8
Arg106Leu,78,DNA,2.0295666666666667,0.28624186160192105,3,DNA,9
Arg106Leu,79,DNA,2.0430333333333333,0.17118937856459834,3,DNA,10
Arg106Leu,80,DNA,2.273633333333333,0.15282474712340716,3,DNA,11
Arg106Leu,81,DNA,2.2999,0.21165663230808532,3,DNA,12
Arg106Leu,82,DNA,2.2565,0.2890811131845178,3,DNA,13
Arg106Leu,83,DNA,2.235133333333333,0.3624347849383851,3,DNA,14
Arg106Leu,84,DNA,2.2224,0.43456358568108305,3,DNA,15
Arg106Leu,85,DNA,2.2449999999999997,0.45771376426758226,3,DNA,16
Arg106Leu,86,DNA,2.3898333333333333,0.37387049005415396,3,DNA,17
Arg106Leu,87,DNA,2.5797666666666665,0.2552203035288011,3,DNA,18
Arg106Leu,88,DNA,2.8623666666666665,0.1945593568383009,3,DNA,19
Arg106Leu,89,DNA,3.4837666666666665,0.25096562181568494,3,DNA,20
Arg106Leu,90,DNA,5.900333333333333,0.7594579733818938,3,DNA,21
Arg106Leu,91,DNA,4.6177,0.6688312417942213,3,DNA,22
Arg106Leu,92,DNA,3.6801,0.5547170359741983,3,DNA,23
Arg106Leu,93,DNA,2.9079,0.38777376136092545,3,DNA,24
Arg106Leu,94,DNA,2.3704666666666667,0.19240484228140753,3,DNA,25
Arg106Leu,95,DNA,2.1200666666666668,0.08286388437270689,3,DNA,26
Arg106Leu,96,DNA,2.0599333333333334,0.07628953619817937,3,DNA,27
Arg106Leu,97,DNA,2.0319,0.19046277851590845,3,DNA,28
Arg106Leu,98,DNA,1.9672999999999998,0.26442601989970654,3,DNA,29
Arg106Leu,99,DNA,1.8908666666666667,0.24398422763230676,3,DNA,30
Arg106Leu,100,DNA,1.9381000000000002,0.2557441690439882,3,DNA,31
Arg106Leu,101,DNA,1.9155666666666666,0.25015725720700815,3,DNA,32
Arg106Leu,102,DNA,2.0224333333333333,0.27201443589143093,3,DNA,33
Arg106Leu,103,DNA,2.1524666666666668,0.29984806708287015,3,DNA,34
Arg106Leu,104,DNA,2.378,0.2614755055449745,3,DNA,35
Arg106Leu,105,DNA,2.3025,0.2631118203350051,3,DNA,36
Arg106Leu,106,DNA,2.2203666666666666,0.1576235177038416,3,DNA,37
Arg106Leu,107,DNA,2.1933666666666665,0.04747234282541088,3,DNA,38
Arg106Leu,108,DNA,2.3869666666666665,0.1174819702479208,3,DNA,39
Arg106Leu,109,DNA,3.0078333333333336,0.18472231411860696,3,DNA,40
Arg106Trp,1,Protein,2.7532666666666668,0.3101055357992393,3,Protein,94
Arg106Trp,2,Protein,3.0254333333333334,0.5786453519499948,3,Protein,95
Arg106Trp,3,Protein,2.675333333333333,0.37721809783377724,3,Protein,96
Arg106Trp,4,Protein,2.179466666666667,0.5423700704623489,3,Protein,97
Arg106Trp,5,Protein,2.2637,0.9123828308336364,3,Protein,98
Arg106Trp,6,Protein,2.135333333333333,0.7379121989324565,3,Protein,99
Arg106Trp,7,Protein,1.5989333333333333,0.5298111393065772,3,Protein,100
Arg106Trp,8,Protein,1.7577333333333334,0.5601935498855136,3,Protein,101
Arg106Trp,9,Protein,2.0051,0.6773214967797789,3,Protein,102
Arg106Trp,10,Protein,1.936,0.5873258635544666,3,Protein,103
Arg106Trp,11,Protein,1.3528666666666667,0.3917269499706821,3,Protein,104
Arg106Trp,12,Protein,1.2884,0.4440410904409636,3,Protein,105
Arg106Trp,13,Protein,1.1764666666666665,0.4307417014097119,3,Protein,106
Arg106Trp,14,Protein,1.2724333333333333,0.4631737722856652,3,Protein,107
Arg106Trp,15,Protein,1.2171666666666667,0.31594151885013994,3,Protein,108
Arg106Trp,16,Protein,1.2565333333333333,0.1669534166566632,3,Protein,109
Arg106Trp,17,Protein,1.3175,0.006872408602520708,3,Protein,110
Arg106Trp,18,Protein,1.3321333333333334,0.0059138256089720205,3,Protein,111
Arg106Trp,19,Protein,1.9122000000000001,0.04661319555662321,3,Protein,112
Arg106Trp,20,Protein,2.0164,0.5695793798936192,3,Protein,113
Arg106Trp,21,Protein,2.1351999999999998,0.9655046918580977,3,Protein,114
Arg106Trp,22,Protein,2.1961666666666666,0.9850478990045781,3,Protein,115
Arg106Trp,23,Protein,1.7576999999999998,0.601457454854456,3,Protein,116
Arg106Trp,24,Protein,1.6780333333333333,0.10522662844229755,3,Protein,117
Arg106Trp,25,Protein,1.7577666666666667,0.05691153954457152,3,Protein,118
Arg106Trp,26,Protein,1.3986666666666665,0.07219593709713401,3,Protein,119
Arg106Trp,27,Protein,1.1391666666666667,0.02645474122597561,3,Protein,120
Arg106Trp,28,Protein,0.9466666666666667,0.06160441001530113,3,Protein,121
Arg106Trp,29,Protein,0.9477666666666668,0.14276558875770207,3,Protein,122
Arg106Trp,30,Protein,0.8695666666666666,0.14582086041898576,3,Protein,123
Arg106Trp,31,Protein,0.8581666666666666,0.1850453277803396,3,Protein,124
Arg106Trp,32,Protein,1.1617666666666666,0.32778311935383947,3,Protein,125
Arg106Trp,33,Protein,1.5408,0.5685297177808739,3,Protein,126
Arg106Trp,34,Protein,2.123533333333333,0.7910189652172274,3,Protein,127
Arg106Trp,35,Protein,2.4534,0.9366506766132184,3,Protein,128
Arg106Trp,36,Protein,2.5921333333333334,1.419787358491874,3,Protein,129
Arg106Trp,37,Protein,1.9349,0.8197941448924846,3,Protein,130
Arg106Trp,38,Protein,1.2759,0.2912090486231498,3,Protein,131
Arg106Trp,39,Protein,0.9545666666666667,0.19261114540268254,3,Protein,132
Arg106Trp,40,Protein,1.0185333333333333,0.20701616684049903,3,Protein,133
Arg106Trp,41,Protein,1.3595666666666666,0.3293193181903142,3,Protein,134
Arg106Trp,42,Protein,1.5100333333333333,0.37468527237313887,3,Protein,135
Arg106Trp,43,Protein,1.8552666666666668,0.5476341875132827,3,Protein,136
Arg106Trp,44,Protein,1.6690333333333334,0.42230781822425856,3,Protein,137
Arg106Trp,45,Protein,1.399233333333333,0.25623443042131033,3,Protein,138
Arg106Trp,46,Protein,1.877,0.4451242972474093,3,Protein,139
Arg106Trp,47,Protein,2.1933333333333334,0.5408963055275321,3,Protein,140
Arg106Trp,48,Protein,1.9425333333333334,0.41677901018805313,3,Protein,141
Arg106Trp,49,Protein,2.041533333333333,0.383611057365834,3,Protein,142
Arg106Trp,50,Protein,2.6379,0.5248726797995875,3,Protein,143
Arg106Trp,51,Protein,2.8335333333333335,0.5234173319000178,3,Protein,144
Arg106Trp,52,Protein,2.7358,0.5875634178537664,3,Protein,145
Arg106Trp,53,Protein,3.5401666666666665,0.8102212619607891,3,Protein,146
Arg106Trp,54,Protein,3.1597666666666666,0.8431443371886765,3,Protein,147
Arg106Trp,55,Protein,3.042066666666667,1.390342419454047,3,Protein,148
Arg106Trp,56,Protein,2.5835333333333335,0.8314685943157043,3,Protein,149
Arg106Trp,57,Protein,1.9196666666666669,0.4893620881651268,3,Protein,150
Arg106Trp,58,Protein,1.9888333333333332,0.446170475640571,3,Protein,151
Arg106Trp,59,Protein,1.9109333333333332,0.5056867838230827,3,Protein,152
Arg106Trp,60,Protein,2.6212666666666666,0.7168914585439927,3,Protein,153
Arg106Trp,61,Protein,2.4192,0.5657254811302033,3,Protein,154
Arg106Trp,62,Protein,1.7318,0.5592064734961497,3,Protein,155
Arg106Trp,63,Protein,1.8273666666666666,1.0011828620853103,3,Protein,156
Arg106Trp,64,Protein,1.3666666666666665,0.6260355607578002,3,Protein,157
Arg106Trp,65,Protein,1.9037,0.9675139223804483,3,Protein,158
Arg106Trp,66,Protein,2.5748333333333333,1.308579937693274,3,Protein,159
Arg106Trp,67,Protein,3.019833333333333,1.6205868145006403,3,Protein,160
Arg106Trp,68,Protein,3.5888000000000004,2.0006757333461116,3,Protein,161
Arg106Trp,69,Protein,4.1418333333333335,2.2701056040046534,3,Protein,162
Arg106Trp,70,DNA,4.6695,0.43916888550989136,3,DNA,1
Arg106Trp,71,DNA,3.633366666666667,0.33265736626945974,3,DNA,2
Arg106Trp,72,DNA,3.060966666666667,0.27672720020506325,3,DNA,3
Arg106Trp,73,DNA,2.6416,0.11978409744202267,3,DNA,4
Arg106Trp,74,DNA,2.2386666666666666,0.04817783030952453,3,DNA,5
Arg106Trp,75,DNA,1.9481666666666666,0.1341823137873742,3,DNA,6
Arg106Trp,76,DNA,1.6567666666666667,0.05976121930929216,3,DNA,7
Arg106Trp,77,DNA,1.5137999999999998,0.18879483573445535,3,DNA,8
Arg106Trp,78,DNA,1.5297999999999998,0.36159285114614753,3,DNA,9
Arg106Trp,79,DNA,1.6509666666666665,0.2674051669907172,3,DNA,10
Arg106Trp,80,DNA,1.84,0.33710587357683347,3,DNA,11
Arg106Trp,81,DNA,1.8799666666666666,0.32282088428931194,3,DNA,12
Arg106Trp,82,DNA,1.8010666666666666,0.32862264580112766,3,DNA,13
Arg106Trp,83,DNA,1.7613,0.3460227593670683,3,DNA,14
Arg106Trp,84,DNA,1.7843333333333333,0.39870044310651737,3,DNA,15
Arg106Trp,85,DNA,1.8240666666666667,0.36685399457186424,3,DNA,16
Arg106Trp,86,DNA,1.9127333333333334,0.29284125961574015,3,DNA,17
Arg106Trp,87,DNA,2.1482666666666668,0.2117495060993846,3,DNA,18
Arg106Trp,88,DNA,2.6254666666666666,0.18897910819276656,3,DNA,19
Arg106Trp,89,DNA,3.5149333333333335,0.3815933219192041,3,DNA,20
Arg106Trp,90,DNA,5.588,0.8668614249117332,3,DNA,21
Arg106Trp,91,DNA,4.1067,0.4240596302408427,3,DNA,22
Arg106Trp,92,DNA,3.3427000000000002,0.39066406284684047,3,DNA,23
Arg106Trp,93,DNA,2.6477333333333335,0.20613678306729574,3,DNA,24
Arg106Trp,94,DNA,2.2632,0.11422876170212115,3,DNA,25
Arg106Trp,95,DNA,2.0934333333333335,0.10368154769935374,3,DNA,26
Arg106Trp,96,DNA,2.0126666666666666,0.13294187953137007,3,DNA,27
Arg106Trp,97,DNA,1.9277333333333333,0.18103613819713824,3,DNA,28
Arg106Trp,98,DNA,1.7817666666666667,0.23872430402733053,3,DNA,29
Arg106Trp,99,DNA,1.6636,0.33308787128924394,3,DNA,30
Arg106Trp,100,DNA,1.5353666666666665,0.3692813877429152,3,DNA,31
Arg106Trp,101,DNA,1.4713333333333332,0.2578742393751911,3,DNA,32
Arg106Trp,102,DNA,1.4055666666666669,0.290190322604551,3,DNA,33
Arg106Trp,103,DNA,1.5483,0.3572279244404055,3,DNA,34
Arg106Trp,104,DNA,1.6288,0.3301119961467624,3,DNA,35
Arg106Trp,105,DNA,1.7086333333333332,0.23241149569961747,3,DNA,36
Arg106Trp,106,DNA,1.8613333333333333,0.13283073188586061,3,DNA,37
Arg106Trp,107,DNA,2.0316,0.044412160496873083,3,DNA,38
Arg106Trp,108,DNA,2.3272999999999997,0.024815116360799052,3,DNA,39
Arg106Trp,109,DNA,2.944933333333333,0.01972722315312839,3,DNA,40
Arg111Gly,1,Protein,2.1087333333333333,0.7258789453712882,3,Protein,94
Arg111Gly,2,Protein,1.7250000000000003,0.3200835984551536,3,Protein,95
Arg111Gly,3,Protein,1.7240333333333335,0.2847673846024741,3,Protein,96
Arg111Gly,4,Protein,1.7032,0.29147385817599486,3,Protein,97
Arg111Gly,5,Protein,2.0838,0.28269862044233596,3,Protein,98
Arg111Gly,6,Protein,2.0182333333333333,0.34374141928684315,3,Protein,99
Arg111Gly,7,Protein,1.5963333333333332,0.1909862909565328,3,Protein,100
Arg111Gly,8,Protein,1.7847333333333335,0.21128796305831843,3,Protein,101
Arg111Gly,9,Protein,1.9232666666666667,0.20197362038972644,3,Protein,102
Arg111Gly,10,Protein,1.7791333333333335,0.15892518155828333,3,Protein,103
Arg111Gly,11,Protein,1.3461666666666667,0.11659726983653318,3,Protein,104
Arg111Gly,12,Protein,1.2047,0.19104216812002528,3,Protein,105
Arg111Gly,13,Protein,1.0913333333333333,0.17463734804827205,3,Protein,106
Arg111Gly,14,Protein,1.2340666666666666,0.1759117487075077,3,Protein,107
Arg111Gly,15,Protein,1.2198666666666667,0.1648010113237578,3,Protein,108
Arg111Gly,16,Protein,1.4475333333333333,0.1258519897869451,3,Protein,109
Arg111Gly,17,Protein,1.8808666666666667,0.49927706069209055,3,Protein,110
Arg111Gly,18,Protein,2.1387,0.7758980280938986,3,Protein,111
Arg111Gly,19,Protein,3.0602666666666667,1.8149204454557597,3,Protein,112
Arg111Gly,20,Protein,3.4324333333333334,2.3683646305696535,3,Protein,113
Arg111Gly,21,Protein,4.1885,2.2894247072135827,3,Protein,114
Arg111Gly,22,Protein,4.091933333333333,2.3860484746403063,3,Protein,115
Arg111Gly,23,Protein,3.371166666666667,2.112597238787681,3,Protein,116
Arg111Gly,24,Protein,3.010566666666667,0.9344054009547105,3,Protein,117
Arg111Gly,25,Protein,2.5993,0.2201333232384412,3,Protein,118
Arg111Gly,26,Protein,1.9375,0.28043828198018883,3,Protein,119
Arg111Gly,27,Protein,1.5735000000000001,0.3390200141584564,3,Protein,120
Arg111Gly,28,Protein,1.2194,0.2712615158845796,3,Protein,121
Arg111Gly,29,Protein,1.0957999999999999,0.25726087926460955,3,Protein,122
Arg111Gly,30,Protein,0.9366,0.14470715255300964,3,Protein,123
Arg111Gly,31,Protein,0.9176333333333333,0.11009710865110553,3,Protein,124
Arg111Gly,32,Protein,1.1489333333333331,0.09243280442209535,3,Protein,125
Arg111Gly,33,Protein,1.4075666666666666,0.10805652841607173,3,Protein,126
Arg111Gly,34,Protein,1.8034999999999999,0.14763932402988034,3,Protein,127
Arg111Gly,35,Protein,2.0628999999999995,0.15967520158120985,3,Protein,128
Arg111Gly,36,Protein,1.7988666666666668,0.13852278994206446,3,Protein,129
Arg111Gly,37,Protein,1.6028666666666667,0.12011749803144144,3,Protein,130
Arg111Gly,38,Protein,1.2390666666666668,0.08155791398345914,3,Protein,131
Arg111Gly,39,Protein,1.0369,0.09600661435547032,3,Protein,132
Arg111Gly,40,Protein,1.0796000000000001,0.11732761823202582,3,Protein,133
Arg111Gly,41,Protein,1.4245,0.3790801366465935,3,Protein,134
Arg111Gly,42,Protein,1.5105666666666666,0.366716189079966,3,Protein,135
Arg111Gly,43,Protein,1.8014333333333334,0.4385225459806294,3,Protein,136
Arg111Gly,44,Protein,1.6556333333333333,0.33709086806576843,3,Protein,137
Arg111Gly,45,Protein,1.4347666666666665,0.20488770908312995,3,Protein,138
Arg111Gly,46,Protein,1.9032,0.269928064491264,3,Protein,139
Arg111Gly,47,Protein,2.173833333333333,0.3129773846994913,3,Protein,140
Arg111Gly,48,Protein,1.9212666666666667,0.1851759793637751,3,Protein,141
Arg111Gly,49,Protein,2.0067,0.14567432855517132,3,Protein,142
Arg111Gly,50,Protein,2.5565666666666664,0.2138878522341402,3,Protein,143
Arg111Gly,51,Protein,2.8051666666666666,0.23517730190929007,3,Protein,144
Arg111Gly,52,Protein,2.6586,0.21725084579812332,3,Protein,145
Arg111Gly,53,Protein,3.3546666666666667,0.44527614278482686,3,Protein,146
Arg111Gly,54,Protein,3.5193666666666665,0.3484325233575842,3,Protein,147
Arg111Gly,55,Protein,3.3213000000000004,0.12297857536985837,3,Protein,148
Arg111Gly,56,Protein,3.4373,0.48402810868791496,3,Protein,149
Arg111Gly,57,Protein,2.6533333333333333,0.3180368898938194,3,Protein,150
Arg111Gly,58,Protein,2.367566666666667,0.22287867402094183,3,Protein,151
Arg111Gly,59,Protein,2.0525333333333333,0.31789357233724197,3,Protein,152
Arg111Gly,60,Protein,2.3859666666666666,0.41155958661332803,3,Protein,153
Arg111Gly,61,Protein,2.2060666666666666,0.25323831332034524,3,Protein,154
Arg111Gly,62,Protein,1.4695,0.19426294036691605,3,Protein,155
Arg111Gly,63,Protein,1.4691333333333334,0.25869608294934293,3,Protein,156
Arg111Gly,64,Protein,1.2170333333333334,0.23373836512933283,3,Protein,157
Arg111Gly,65,Protein,1.4917,0.3408186761314584,3,Protein,158
Arg111Gly,66,Protein,1.9441,0.688508068217069,3,Protein,159
Arg111Gly,67,Protein,2.2684,0.45088805706073004,3,Protein,160
Arg111Gly,68,Protein,2.5463999999999998,0.2678481099429303,3,Protein,161
Arg111Gly,69,Protein,2.601933333333333,0.5758571466373699,3,Protein,162
Arg111Gly,70,DNA,5.2054,1.1036011643705343,3,DNA,1
Arg111Gly,71,DNA,4.0847,0.5377474965074222,3,DNA,2
Arg111Gly,72,DNA,3.3460666666666667,0.2978571693502327,3,DNA,3
Arg111Gly,73,DNA,2.7764,0.2814084398165771,3,DNA,4
Arg111Gly,74,DNA,2.282833333333333,0.28151707467458054,3,DNA,5
Arg111Gly,75,DNA,1.949633333333333,0.19647076966646548,3,DNA,6
Arg111Gly,76,DNA,1.7800333333333331,0.16113442628232275,3,DNA,7
Arg111Gly,77,DNA,1.7069666666666665,0.24835753125953983,3,DNA,8
Arg111Gly,78,DNA,1.9342,0.2684431410932303,3,DNA,9
Arg111Gly,79,DNA,2.0284999999999997,0.19978178095111668,3,DNA,10
Arg111Gly,80,DNA,2.048666666666667,0.10792707414422653,3,DNA,11
Arg111Gly,81,DNA,2.0632333333333333,0.09633121681642627,3,DNA,12
Arg111Gly,82,DNA,2.052433333333333,0.06621497816456128,3,DNA,13
Arg111Gly,83,DNA,2.0315666666666665,0.13225098613368946,3,DNA,14
Arg111Gly,84,DNA,1.9626333333333335,0.2771707836936162,3,DNA,15
Arg111Gly,85,DNA,1.9935666666666665,0.3761118096169453,3,DNA,16
Arg111Gly,86,DNA,2.1436333333333333,0.4468687764135389,3,DNA,17
Arg111Gly,87,DNA,2.4550666666666667,0.4197339673332781,3,DNA,18
Arg111Gly,88,DNA,2.932266666666667,0.2920295590061617,3,DNA,19
Arg111Gly,89,DNA,3.7304,0.3452832315650445,3,DNA,20
Arg111Gly,90,DNA,6.113666666666667,0.45424404600757595,3,DNA,21
Arg111Gly,91,DNA,4.6038,0.22017910890908796,3,DNA,22
Arg111Gly,92,DNA,3.531133333333333,0.2147213155076443,3,DNA,23
Arg111Gly,93,DNA,2.8579666666666665,0.14294902354802325,3,DNA,24
Arg111Gly,94,DNA,2.4120666666666666,0.11633268385683065,3,DNA,25
Arg111Gly,95,DNA,2.1826000000000003,0.07744733694582413,3,DNA,26
Arg111Gly,96,DNA,2.0905666666666667,0.16695461459131142,3,DNA,27
Arg111Gly,97,DNA,2.0679666666666665,0.2876340441139285,3,DNA,28
Arg111Gly,98,DNA,2.028833333333333,0.3015941367688259,3,DNA,29
Arg111Gly,99,DNA,1.9138333333333335,0.30350496426472723,3,DNA,30
Arg111Gly,100,DNA,1.739366666666667,0.36674389338247115,3,DNA,31
Arg111Gly,101,DNA,1.6612,0.3067606721859893,3,DNA,32
Arg111Gly,102,DNA,1.5871333333333333,0.32710078467245135,3,DNA,33
Arg111Gly,103,DNA,1.6825666666666665,0.32637557098124437,3,DNA,34
Arg111Gly,104,DNA,1.7967333333333333,0.273470406686598,3,DNA,35
Arg111Gly,105,DNA,1.849,0.22270814982842463,3,DNA,36
Arg111Gly,106,DNA,2.0353,0.1944757825540238,3,DNA,37
Arg111Gly,107,DNA,2.293433333333333,0.15300618723873025,3,DNA,38
Arg111Gly,108,DNA,2.6395666666666666,0.17943289367708837,3,DNA,39
Arg111Gly,109,DNA,3.6279333333333335,0.7588939341787715,3,DNA,40
Arg133Cys,1,Protein,2.2140333333333335,0.3257149418330903,3,Protein,94
Arg133Cys,2,Protein,2.1599,0.2967071451785413,3,Protein,95
Arg133Cys,3,Protein,2.2707,0.39881764003113007,3,Protein,96
Arg133Cys,4,Protein,2.1254333333333335,0.31437455897914746,3,Protein,97
Arg133Cys,5,Protein,2.6839999999999997,0.5073422020687812,3,Protein,98
Arg133Cys,6,Protein,2.3473,0.35022073039727397,3,Protein,99
Arg133Cys,7,Protein,1.8202999999999998,0.11055274759136469,3,Protein,100
Arg133Cys,8,Protein,1.9603666666666666,0.21259243479797985,3,Protein,101
Arg133Cys,9,Protein,2.2481,0.3178771932680923,3,Protein,102
Arg133Cys,10,Protein,2.2297666666666665,0.3633024405826821,3,Protein,103
Arg133Cys,11,Protein,1.6937333333333333,0.3296002477749878,3,Protein,104
Arg133Cys,12,Protein,1.6217,0.22572797788488688,3,Protein,105
Arg133Cys,13,Protein,1.3820333333333332,0.1457999428440675,3,Protein,106
Arg133Cys,14,Protein,1.4900333333333335,0.11279012959179245,3,Protein,107
Arg133Cys,15,Protein,1.3549666666666667,0.0902978035908589,3,Protein,108
Arg133Cys,16,Protein,1.4170999999999998,0.07957568724177005,3,Protein,109
Arg133Cys,17,Protein,1.4997333333333334,0.09444322809674245,3,Protein,110
Arg133Cys,18,Protein,1.5029666666666666,0.0991922544019105,3,Protein,111
Arg133Cys,19,Protein,1.9361666666666668,0.13013306010900283,3,Protein,112
Arg133Cys,20,Protein,1.8885666666666665,0.16768107625290735,3,Protein,113
Arg133Cys,21,Protein,1.7935333333333334,0.06937790234169176,3,Protein,114
Arg133Cys,22,Protein,1.8625999999999998,0.13002399778502438,3,Protein,115
Arg133Cys,23,Protein,1.6327666666666667,0.10580568667767036,3,Protein,116
Arg133Cys,24,Protein,1.8146666666666667,0.22021210986985548,3,Protein,117
Arg133Cys,25,Protein,1.8936666666666666,0.14614873702271045,3,Protein,118
Arg133Cys,26,Protein,1.5800666666666665,0.08492139502700909,3,Protein,119
Arg133Cys,27,Protein,1.3865999999999998,0.0998899894884367,3,Protein,120
Arg133Cys,28,Protein,1.2082666666666666,0.11382979984755029,3,Protein,121
Arg133Cys,29,Protein,1.1790666666666667,0.10796714006276792,3,Protein,122
Arg133Cys,30,Protein,1.2163666666666666,0.1284167564351838,3,Protein,123
Arg133Cys,31,Protein,1.2180666666666669,0.18540254403144887,3,Protein,124
Arg133Cys,32,Protein,1.5922333333333334,0.2825795876091076,3,Protein,125
Arg133Cys,33,Protein,1.8606999999999998,0.3545671022528739,3,Protein,126
Arg133Cys,34,Protein,2.3572333333333333,0.33782016418996264,3,Protein,127
Arg133Cys,35,Protein,2.8603,0.25878290128986486,3,Protein,128
Arg133Cys,36,Protein,3.039433333333333,0.6011172459124204,3,Protein,129
Arg133Cys,37,Protein,2.340733333333333,0.29745146382785437,3,Protein,130
Arg133Cys,38,Protein,1.8022,0.2579208599551421,3,Protein,131
Arg133Cys,39,Protein,1.5248666666666668,0.24557298982855047,3,Protein,132
Arg133Cys,40,Protein,1.6497,0.13321377556394087,3,Protein,133
Arg133Cys,41,Protein,1.8366999999999998,0.15600772416774747,3,Protein,134
Arg133Cys,42,Protein,1.8377999999999999,0.20088850141309725,3,Protein,135
Arg133Cys,43,Protein,2.276666666666667,0.20364126137237828,3,Protein,136
Arg133Cys,44,Protein,2.1601000000000004,0.2574503641481209,3,Protein,137
Arg133Cys,45,Protein,1.7518,0.31717838829277134,3,Protein,138
Arg133Cys,46,Protein,2.1706333333333334,0.2590756131582694,3,Protein,139
Arg133Cys,47,Protein,2.589933333333333,0.27674035364097754,3,Protein,140
Arg133Cys,48,Protein,2.326,0.3263073551117104,3,Protein,141
Arg133Cys,49,Protein,2.3041666666666667,0.30360026899417153,3,Protein,142
Arg133Cys,50,Protein,2.89,0.27981903080383935,3,Protein,143
Arg133Cys,51,Protein,3.1961666666666666,0.31138324189547106,3,Protein,144
Arg133Cys,52,Protein,3.0635999999999997,0.287000818814163,3,Protein,145
Arg133Cys,53,Protein,3.389666666666667,0.8239483013717143,3,Protein,146
Arg133Cys,54,Protein,3.3158666666666665,0.6492876275837489,3,Protein,147
Arg133Cys,55,Protein,3.3289666666666666,0.677116403089848,3,Protein,148
Arg133Cys,56,Protein,2.9837333333333333,0.3925016985101254,3,Protein,149
Arg133Cys,57,Protein,2.3954333333333335,0.21808588522261887,3,Protein,150
Arg133Cys,58,Protein,2.405533333333333,0.11582988963705913,3,Protein,151
Arg133Cys,59,Protein,2.2060999999999997,0.23391038882443854,3,Protein,152
Arg133Cys,60,Protein,2.655,0.19207240822148297,3,Protein,153
Arg133Cys,61,Protein,2.3132333333333333,0.09067140306256068,3,Protein,154
Arg133Cys,62,Protein,1.5305333333333333,0.06409308335018164,3,Protein,155
Arg133Cys,63,Protein,1.4694,0.050112972372430654,3,Protein,156
Arg133Cys,64,Protein,1.3236,0.01519177408994752,3,Protein,157
Arg133Cys,65,Protein,1.6115333333333333,0.03589781794668501,3,Protein,158
Arg133Cys,66,Protein,1.8467666666666667,0.32287072232293434,3,Protein,159
Arg133Cys,67,Protein,2.1347666666666667,0.16939472640354916,3,Protein,160
Arg133Cys,68,Protein,2.427566666666667,0.29156234896387656,3,Protein,161
Arg133Cys,69,Protein,3.1846,0.681879725464836,3,Protein,162
Arg133Cys,70,DNA,4.972566666666666,0.11582993280380219,3,DNA,1
Arg133Cys,71,DNA,4.240266666666667,0.23663943740072874,3,DNA,2
Arg133Cys,72,DNA,3.7602999999999995,0.3492707116263831,3,DNA,3
Arg133Cys,73,DNA,3.3649,0.3384157945486587,3,DNA,4
Arg133Cys,74,DNA,2.9005999999999994,0.29069413478775236,3,DNA,5
Arg133Cys,75,DNA,2.503,0.2115997873344865,3,DNA,6
Arg133Cys,76,DNA,2.0944,0.09296278825422577,3,DNA,7
Arg133Cys,77,DNA,1.7962666666666667,0.04044222216116876,3,DNA,8
Arg133Cys,78,DNA,1.6464999999999999,0.04175978927149887,3,DNA,9
Arg133Cys,79,DNA,1.9034000000000002,0.08940341156801578,3,DNA,10
Arg133Cys,80,DNA,2.079266666666667,0.20279845495795412,3,DNA,11
Arg133Cys,81,DNA,2.2074666666666665,0.2882812746838292,3,DNA,12
Arg133Cys,82,DNA,2.1618666666666666,0.3260286234877751,3,DNA,13
Arg133Cys,83,DNA,2.1694,0.3714411258867279,3,DNA,14
Arg133Cys,84,DNA,2.2356333333333334,0.4841946853625445,3,DNA,15
Arg133Cys,85,DNA,2.3430666666666666,0.5844503600249837,3,DNA,16
Arg133Cys,86,DNA,2.5140999999999996,0.6145634792273292,3,DNA,17
Arg133Cys,87,DNA,2.775266666666667,0.6238262765653056,3,DNA,18
Arg133Cys,88,DNA,3.1245333333333334,0.5815721995877496,3,DNA,19
Arg133Cys,89,DNA,3.7129666666666665,0.5284393279585964,3,DNA,20
Arg133Cys,90,DNA,5.123066666666666,0.15361322642706687,3,DNA,21
Arg133Cys,91,DNA,3.9631333333333334,0.14433074285589126,3,DNA,22
Arg133Cys,92,DNA,3.2372,0.1397902714783831,3,DNA,23
Arg133Cys,93,DNA,2.7481666666666666,0.10597227624871206,3,DNA,24
Arg133Cys,94,DNA,2.4734333333333334,0.16810277610239913,3,DNA,25
Arg133Cys,95,DNA,2.3777666666666666,0.2070447375166375,3,DNA,26
Arg133Cys,96,DNA,2.3501,0.2538163312318573,3,DNA,27
Arg133Cys,97,DNA,2.3893999999999997,0.394525487136129,3,DNA,28
Arg133Cys,98,DNA,2.3958666666666666,0.547556867670686,3,DNA,29
Arg133Cys,99,DNA,2.3672999999999997,0.682042513337695,3,DNA,30
Arg133Cys,100,DNA,2.3640333333333334,0.7196346943646709,3,DNA,31
Arg133Cys,101,DNA,2.4389333333333334,0.7983687890526115,3,DNA,32
Arg133Cys,102,DNA,2.5383999999999998,0.708836730143127,3,DNA,33
Arg133Cys,103,DNA,2.4097333333333335,0.6038181293513248,3,DNA,34
Arg133Cys,104,DNA,2.1748333333333334,0.3819730400608573,3,DNA,35
Arg133Cys,105,DNA,1.9667666666666668,0.16209134256132665,3,DNA,36
Arg133Cys,106,DNA,1.9555999999999998,0.03647410040014705,3,DNA,37
Arg133Cys,107,DNA,2.162933333333333,0.04129180709696936,3,DNA,38
Arg133Cys,108,DNA,2.5701,0.10193561693539714,3,DNA,39
Arg133Cys,109,DNA,3.286966666666667,0.1871448992982,3,DNA,40
Arg133Gly,1,Protein,1.6820666666666666,0.13674565197231434,3,Protein,94
Arg133Gly,2,Protein,1.5877333333333332,0.16181796356811964,3,Protein,95
Arg133Gly,3,Protein,1.6774000000000002,0.13601621226897923,3,Protein,96
Arg133Gly,4,Protein,1.6738,0.04998609806736265,3,Protein,97
Arg133Gly,5,Protein,2.0997,0.07740723480398966,3,Protein,98
Arg133Gly,6,Protein,1.9798333333333333,0.051517990385236655,3,Protein,99
Arg133Gly,7,Protein,1.5859333333333332,0.015890353467853877,3,Protein,100
Arg133Gly,8,Protein,1.7378333333333333,0.04970687410543275,3,Protein,101
Arg133Gly,9,Protein,1.9378666666666666,0.018705703230120246,3,Protein,102
Arg133Gly,10,Protein,1.7621,0.04899683663258271,3,Protein,103
Arg133Gly,11,Protein,1.3739666666666668,0.01313481379134599,3,Protein,104
Arg133Gly,12,Protein,1.2901333333333334,0.0746625296472958,3,Protein,105
Arg133Gly,13,Protein,1.1112,0.07620360883842707,3,Protein,106
Arg133Gly,14,Protein,1.1020333333333332,0.07845255466416205,3,Protein,107
Arg133Gly,15,Protein,1.0945333333333334,0.08040058042908231,3,Protein,108
Arg133Gly,16,Protein,1.1773666666666667,0.03894320651067825,3,Protein,109
Arg133Gly,17,Protein,1.2579333333333333,0.07040641542738373,3,Protein,110
Arg133Gly,18,Protein,1.2859333333333334,0.07573337001172818,3,Protein,111
Arg133Gly,19,Protein,1.6903666666666666,0.11302465807660425,3,Protein,112
Arg133Gly,20,Protein,1.6463999999999999,0.08366761619647096,3,Protein,113
Arg133Gly,21,Protein,1.6436666666666666,0.040438265706300214,3,Protein,114
Arg133Gly,22,Protein,1.7270666666666667,0.07466788689479126,3,Protein,115
Arg133Gly,23,Protein,1.4609666666666667,0.07569414332254067,3,Protein,116
Arg133Gly,24,Protein,1.5628,0.08562820796910336,3,Protein,117
Arg133Gly,25,Protein,1.6422666666666668,0.10067816711349747,3,Protein,118
Arg133Gly,26,Protein,1.3911333333333333,0.06592483093139753,3,Protein,119
Arg133Gly,27,Protein,1.1899333333333333,0.018274663699595992,3,Protein,120
Arg133Gly,28,Protein,1.0257,0.01918228349284821,3,Protein,121
Arg133Gly,29,Protein,0.9643,0.07304019441376097,3,Protein,122
Arg133Gly,30,Protein,0.8886333333333334,0.08561596424343611,3,Protein,123
Arg133Gly,31,Protein,0.9724,0.04489131319086135,3,Protein,124
Arg133Gly,32,Protein,1.1617,0.029000000000000054,3,Protein,125
Arg133Gly,33,Protein,1.3497666666666668,0.016449113451287727,3,Protein,126
Arg133Gly,34,Protein,1.7035,0.04992824851724725,3,Protein,127
Arg133Gly,35,Protein,1.9526333333333332,0.06842955014709168,3,Protein,128
Arg133Gly,36,Protein,1.7701333333333331,0.07638071309783216,3,Protein,129
Arg133Gly,37,Protein,1.5953333333333333,0.03407305876104068,3,Protein,130
Arg133Gly,38,Protein,1.2946,0.02598249410660954,3,Protein,131
Arg133Gly,39,Protein,1.1230666666666667,0.05228597645003224,3,Protein,132
Arg133Gly,40,Protein,1.2583333333333333,0.11589522567100563,3,Protein,133
Arg133Gly,41,Protein,1.4430333333333334,0.08545433478375054,3,Protein,134
Arg133Gly,42,Protein,1.4953333333333332,0.046297984117381716,3,Protein,135
Arg133Gly,43,Protein,1.7295,0.05108238443925659,3,Protein,136
Arg133Gly,44,Protein,1.5775333333333332,0.03882709535019771,3,Protein,137
Arg133Gly,45,Protein,1.3647333333333336,0.0743849671192596,3,Protein,138
Arg133Gly,46,Protein,1.6791333333333334,0.11881179795514132,3,Protein,139
Arg133Gly,47,Protein,1.8757000000000001,0.11219719247824349,3,Protein,140
Arg133Gly,48,Protein,1.6895,0.09117697077661666,3,Protein,141
Arg133Gly,49,Protein,1.7597333333333334,0.11323326955154708,3,Protein,142
Arg133Gly,50,Protein,2.160433333333333,0.12635764058153875,3,Protein,143
Arg133Gly,51,Protein,2.3259666666666665,0.13830843551039568,3,Protein,144
Arg133Gly,52,Protein,2.3542666666666667,0.11544441663992812,3,Protein,145
Arg133Gly,53,Protein,2.810033333333333,0.2425354063499459,3,Protein,146
Arg133Gly,54,Protein,3.0239666666666665,0.2668242180412665,3,Protein,147
Arg133Gly,55,Protein,2.5436666666666667,0.14435138840112807,3,Protein,148
Arg133Gly,56,Protein,2.852066666666667,0.2520665057744354,3,Protein,149
Arg133Gly,57,Protein,2.0377,0.12072100065854315,3,Protein,150
Arg133Gly,58,Protein,2.1259333333333337,0.21188492946251117,3,Protein,151
Arg133Gly,59,Protein,1.8889333333333334,0.17833480684749503,3,Protein,152
Arg133Gly,60,Protein,2.2682,0.16887957247695778,3,Protein,153
Arg133Gly,61,Protein,2.065633333333333,0.1650893798320575,3,Protein,154
Arg133Gly,62,Protein,1.4356333333333333,0.06486002877992977,3,Protein,155
Arg133Gly,63,Protein,1.4260000000000002,0.09712193367103013,3,Protein,156
Arg133Gly,64,Protein,1.1857333333333333,0.05857647423098565,3,Protein,157
Arg133Gly,65,Protein,1.3884666666666667,0.09403011928809471,3,Protein,158
Arg133Gly,66,Protein,1.3582666666666665,0.05381601372577993,3,Protein,159
Arg133Gly,67,Protein,1.7693666666666665,0.10723956048647965,3,Protein,160
Arg133Gly,68,Protein,2.0117,0.021148049555455364,3,Protein,161
Arg133Gly,69,Protein,2.639066666666667,0.03298792708451596,3,Protein,162
Arg133Gly,70,DNA,4.6139,0.21102765221648068,3,DNA,1
Arg133Gly,71,DNA,3.7144333333333335,0.15615583028927646,3,DNA,2
Arg133Gly,72,DNA,3.1609,0.1572404846087674,3,DNA,3
Arg133Gly,73,DNA,2.741733333333333,0.11717321935209138,3,DNA,4
Arg133Gly,74,DNA,2.3059999999999996,0.10212790999526027,3,DNA,5
Arg133Gly,75,DNA,2.0347000000000004,0.12095151921327815,3,DNA,6
Arg133Gly,76,DNA,1.7763,0.09494940758109026,3,DNA,7
Arg133Gly,77,DNA,1.5782999999999998,0.0357710777025238,3,DNA,8
Arg133Gly,78,DNA,1.4865000000000002,0.027838282993029703,3,DNA,9
Arg133Gly,79,DNA,1.7300333333333333,0.04700024822629492,3,DNA,10
Arg133Gly,80,DNA,1.9319666666666666,0.06510793602421554,3,DNA,11
Arg133Gly,81,DNA,2.0194666666666667,0.016658431298694612,3,DNA,12
Arg133Gly,82,DNA,1.9842333333333333,0.02027864229511766,3,DNA,13
Arg133Gly,83,DNA,1.9524666666666668,0.022732429112026904,3,DNA,14
Arg133Gly,84,DNA,1.9607333333333334,0.09130357787805118,3,DNA,15
Arg133Gly,85,DNA,1.9396000000000002,0.06524178109156747,3,DNA,16
Arg133Gly,86,DNA,2.008566666666667,0.07818601750526331,3,DNA,17
Arg133Gly,87,DNA,2.2771333333333335,0.08643849451102999,3,DNA,18
Arg133Gly,88,DNA,2.8295666666666666,0.05913631146202251,3,DNA,19
Arg133Gly,89,DNA,3.7263,0.08625352166723407,3,DNA,20
Arg133Gly,90,DNA,5.684966666666667,0.20536254121268877,3,DNA,21
Arg133Gly,91,DNA,4.3585666666666665,0.17955880188209486,3,DNA,22
Arg133Gly,92,DNA,3.4682333333333335,0.10619069325196678,3,DNA,23
Arg133Gly,93,DNA,2.7881666666666667,0.04082356345706896,3,DNA,24
Arg133Gly,94,DNA,2.379766666666667,0.07129911172892217,3,DNA,25
Arg133Gly,95,DNA,2.1492666666666667,0.05217148007612318,3,DNA,26
Arg133Gly,96,DNA,2.0078,0.012801171821360705,3,DNA,27
Arg133Gly,97,DNA,1.9233666666666667,0.026403850729265578,3,DNA,28
Arg133Gly,98,DNA,1.8082333333333331,0.031996458137321035,3,DNA,29
Arg133Gly,99,DNA,1.7113333333333334,0.07671827248663345,3,DNA,30
Arg133Gly,100,DNA,1.7653999999999999,0.03589414994118114,3,DNA,31
Arg133Gly,101,DNA,1.7328333333333334,0.06430336953327824,3,DNA,32
Arg133Gly,102,DNA,1.7642333333333333,0.057193210552768735,3,DNA,33
Arg133Gly,103,DNA,1.7686333333333335,0.08941288124947838,3,DNA,34
Arg133Gly,104,DNA,1.7608666666666668,0.11609140077255219,3,DNA,35
Arg133Gly,105,DNA,1.7635666666666667,0.08121553628052543,3,DNA,36
Arg133Gly,106,DNA,1.9197,0.04112553951013891,3,DNA,37
Arg133Gly,107,DNA,2.087066666666667,0.03288865052466151,3,DNA,38
Arg133Gly,108,DNA,2.3115666666666663,0.06399658845073952,3,DNA,39
Arg133Gly,109,DNA,2.8613,0.09640062240462978,3,DNA,40
Arg133Leu,1,Protein,3.5034666666666667,3.4955261940562443,3,Protein,94
Arg133Leu,2,Protein,3.3299000000000003,3.1517739909454168,3,Protein,95
Arg133Leu,3,Protein,3.074066666666667,2.5375276005067082,3,Protein,96
Arg133Leu,4,Protein,2.489033333333333,1.532481009126486,3,Protein,97
Arg133Leu,5,Protein,2.6837999999999997,0.9682559114201165,3,Protein,98
Arg133Leu,6,Protein,2.2638333333333334,0.5359263973096803,3,Protein,99
Arg133Leu,7,Protein,1.8173000000000001,0.2878964397140055,3,Protein,100
Arg133Leu,8,Protein,2.0398,0.1841982356050131,3,Protein,101
Arg133Leu,9,Protein,2.255333333333333,0.32735763826942155,3,Protein,102
Arg133Leu,10,Protein,2.1226333333333334,0.40057816132851437,3,Protein,103
Arg133Leu,11,Protein,1.6421333333333334,0.2868004590884285,3,Protein,104
Arg133Leu,12,Protein,1.5215333333333334,0.23076963260648772,3,Protein,105
Arg133Leu,13,Protein,1.2816666666666665,0.15252987685477665,3,Protein,106
Arg133Leu,14,Protein,1.4019333333333333,0.1963378296032972,3,Protein,107
Arg133Leu,15,Protein,1.3766333333333334,0.18262355634838925,3,Protein,108
Arg133Leu,16,Protein,1.5421000000000002,0.37572387467394186,3,Protein,109
Arg133Leu,17,Protein,1.5766666666666664,0.4278150807689384,3,Protein,110
Arg133Leu,18,Protein,1.7737333333333334,0.7908356171375525,3,Protein,111
Arg133Leu,19,Protein,2.2825,1.0077485747943284,3,Protein,112
Arg133Leu,20,Protein,2.431366666666667,1.2019428452856373,3,Protein,113
Arg133Leu,21,Protein,2.8520000000000003,1.6377293824072399,3,Protein,114
Arg133Leu,22,Protein,2.9494666666666665,2.042917972737362,3,Protein,115
Arg133Leu,23,Protein,2.4848,1.7822667673499384,3,Protein,116
Arg133Leu,24,Protein,2.3291666666666666,1.3189474945324142,3,Protein,117
Arg133Leu,25,Protein,2.0572,0.6713880919408683,3,Protein,118
Arg133Leu,26,Protein,1.683366666666667,0.5217415484062328,3,Protein,119
Arg133Leu,27,Protein,1.4145666666666667,0.299171010182025,3,Protein,120
Arg133Leu,28,Protein,1.3738,0.29320537171068334,3,Protein,121
Arg133Leu,29,Protein,1.2263333333333335,0.10906329966277999,3,Protein,122
Arg133Leu,30,Protein,1.2162,0.2659921615386438,3,Protein,123
Arg133Leu,31,Protein,1.2506000000000002,0.19013637211222892,3,Protein,124
Arg133Leu,32,Protein,1.566633333333333,0.3455968219375481,3,Protein,125
Arg133Leu,33,Protein,1.7823666666666667,0.3769357681798496,3,Protein,126
Arg133Leu,34,Protein,2.2047000000000003,0.4399334154164697,3,Protein,127
Arg133Leu,35,Protein,2.6723999999999997,0.41685094458331273,3,Protein,128
Arg133Leu,36,Protein,2.707266666666667,0.5032081113548681,3,Protein,129
Arg133Leu,37,Protein,2.2833666666666668,0.4452534821125303,3,Protein,130
Arg133Leu,38,Protein,1.8427333333333333,0.45336917995529114,3,Protein,131
Arg133Leu,39,Protein,1.6697999999999997,0.36394550416236776,3,Protein,132
Arg133Leu,40,Protein,1.7936666666666667,0.3464810865448984,3,Protein,133
Arg133Leu,41,Protein,2.0460333333333334,0.17830895471998418,3,Protein,134
Arg133Leu,42,Protein,2.0218666666666665,0.27613765287141384,3,Protein,135
Arg133Leu,43,Protein,2.4487666666666668,0.30204420758116407,3,Protein,136
Arg133Leu,44,Protein,2.338766666666667,0.24582160875995687,3,Protein,137
Arg133Leu,45,Protein,1.9308666666666667,0.18732710250610668,3,Protein,138
Arg133Leu,46,Protein,2.3577,0.3159600765919643,3,Protein,139
Arg133Leu,47,Protein,2.7565000000000004,0.3030795110197984,3,Protein,140
Arg133Leu,48,Protein,2.4880666666666666,0.2212170954816406,3,Protein,141
Arg133Leu,49,Protein,2.4836666666666667,0.2511574273903388,3,Protein,142
Arg133Leu,50,Protein,3.0675333333333334,0.34778754050904886,3,Protein,143
Arg133Leu,51,Protein,3.3798666666666666,0.2620871292782866,3,Protein,144
Arg133Leu,52,Protein,3.3150333333333335,0.24050389463236022,3,Protein,145
Arg133Leu,53,Protein,3.6893,0.40961380591967345,3,Protein,146
Arg133Leu,54,Protein,3.4811666666666667,0.10576205999002336,3,Protein,147
Arg133Leu,55,Protein,3.441333333333333,0.5730634548925043,3,Protein,148
Arg133Leu,56,Protein,3.2206333333333332,0.6296020753883625,3,Protein,149
Arg133Leu,57,Protein,2.551266666666667,0.47998775331599175,3,Protein,150
Arg133Leu,58,Protein,2.609366666666667,0.5771965465362152,3,Protein,151
Arg133Leu,59,Protein,2.3660666666666668,0.4776728622533766,3,Protein,152
Arg133Leu,60,Protein,2.7297999999999996,0.5124467874813929,3,Protein,153
Arg133Leu,61,Protein,2.3811999999999998,0.5011620795710705,3,Protein,154
Arg133Leu,62,Protein,1.6072,0.4818835232709248,3,Protein,155
Arg133Leu,63,Protein,1.6008666666666667,0.5644779387481262,3,Protein,156
Arg133Leu,64,Protein,1.3382333333333332,0.3590408936783292,3,Protein,157
Arg133Leu,65,Protein,1.6429,0.6422194251188608,3,Protein,158
Arg133Leu,66,Protein,1.7766666666666666,0.977625226420295,3,Protein,159
Arg133Leu,67,Protein,2.1128666666666667,1.081720852777339,3,Protein,160
Arg133Leu,68,Protein,2.4350333333333336,1.257702732498158,3,Protein,161
Arg133Leu,69,Protein,3.014066666666667,1.6018523912437546,3,Protein,162
Arg133Leu,70,DNA,5.594133333333333,0.5712088263790516,3,DNA,1
Arg133Leu,71,DNA,4.611,0.20387675198511457,3,DNA,2
Arg133Leu,72,DNA,3.9477666666666664,0.2023046300343454,3,DNA,3
Arg133Leu,73,DNA,3.4682,0.22136736435165869,3,DNA,4
Arg133Leu,74,DNA,2.9768333333333334,0.28232435837761727,3,DNA,5
Arg133Leu,75,DNA,2.5735333333333332,0.4146541731772794,3,DNA,6
Arg133Leu,76,DNA,2.3324,0.5016015051811548,3,DNA,7
Arg133Leu,77,DNA,2.1552333333333333,0.4721371869841788,3,DNA,8
Arg133Leu,78,DNA,2.010866666666667,0.5046872331784641,3,DNA,9
Arg133Leu,79,DNA,2.0990333333333333,0.30648108152597836,3,DNA,10
Arg133Leu,80,DNA,2.1599,0.08541352351940527,3,DNA,11
Arg133Leu,81,DNA,2.086666666666667,0.15501355854677154,3,DNA,12
Arg133Leu,82,DNA,1.9732,0.2613648216573914,3,DNA,13
Arg133Leu,83,DNA,1.8885666666666667,0.289832888632973,3,DNA,14
Arg133Leu,84,DNA,1.8606666666666667,0.3315858310201649,3,DNA,15
Arg133Leu,85,DNA,1.9524666666666668,0.32595509404415407,3,DNA,16
Arg133Leu,86,DNA,2.1060333333333334,0.30057613566837516,3,DNA,17
Arg133Leu,87,DNA,2.3500333333333336,0.24972827900206526,3,DNA,18
Arg133Leu,88,DNA,2.763333333333333,0.18097649939517907,3,DNA,19
Arg133Leu,89,DNA,3.5081333333333333,0.25673512290556055,3,DNA,20
Arg133Leu,90,DNA,5.6019000000000005,0.5097401200611935,3,DNA,21
Arg133Leu,91,DNA,4.286366666666667,0.34067686057807517,3,DNA,22
Arg133Leu,92,DNA,3.3994666666666666,0.21123598967347704,3,DNA,23
Arg133Leu,93,DNA,2.7464,0.1411110555555447,3,DNA,24
Arg133Leu,94,DNA,2.3301333333333334,0.09868871938237572,3,DNA,25
Arg133Leu,95,DNA,2.0923,0.09817784882548602,3,DNA,26
Arg133Leu,96,DNA,1.9951999999999999,0.10778900686062567,3,DNA,27
Arg133Leu,97,DNA,1.9239333333333333,0.07924609348941648,3,DNA,28
Arg133Leu,98,DNA,1.8083,0.023351445351412495,3,DNA,29
Arg133Leu,99,DNA,1.7321,0.0993963782036348,3,DNA,30
Arg133Leu,100,DNA,1.7202000000000002,0.1799343491387901,3,DNA,31
Arg133Leu,101,DNA,1.8467666666666667,0.12081350641932931,3,DNA,32
Arg133Leu,102,DNA,2.0111,0.09929808658780875,3,DNA,33
Arg133Leu,103,DNA,2.1232666666666664,0.10987312379892238,3,DNA,34
Arg133Leu,104,DNA,2.1815333333333333,0.2022563307620639,3,DNA,35
Arg133Leu,105,DNA,2.1879666666666666,0.19621254631988577,3,DNA,36
Arg133Leu,106,DNA,2.3067666666666664,0.32049721267638726,3,DNA,37
Arg133Leu,107,DNA,2.5074,0.5398895164753619,3,DNA,38
Arg133Leu,108,DNA,2.8815333333333335,0.7300688072595167,3,DNA,39
Arg133Leu,109,DNA,3.574033333333334,0.7853299582553394,3,DNA,40
Glu143Lys,1,Protein,1.5559333333333332,0.14792303178793126,3,Protein,94
Glu143Lys,2,Protein,1.4667999999999999,0.15674019905563458,3,Protein,95
Glu143Lys,3,Protein,1.5535666666666668,0.09720907022152474,3,Protein,96
Glu143Lys,4,Protein,1.5585333333333333,0.038996709262876635,3,Protein,97
Glu143Lys,5,Protein,1.9588333333333334,0.07727679686253397,3,Protein,98
Glu143Lys,6,Protein,1.9125333333333334,0.08402626573478875,3,Protein,99
Glu143Lys,7,Protein,1.5507333333333335,0.032263653440572054,3,Protein,100
Glu143Lys,8,Protein,1.6897333333333335,0.010035105048445398,3,Protein,101
Glu143Lys,9,Protein,1.8693,0.034814364851308156,3,Protein,102
Glu143Lys,10,Protein,1.6813,0.021940601632589676,3,Protein,103
Glu143Lys,11,Protein,1.2684333333333333,0.017829843895372097,3,Protein,104
Glu143Lys,12,Protein,1.1924000000000001,0.0455279035317902,3,Protein,105
Glu143Lys,13,Protein,0.9976333333333334,0.039406894489839285,3,Protein,106
Glu143Lys,14,Protein,0.9970666666666667,0.030819528441125364,3,Protein,107
Glu143Lys,15,Protein,1.0055,0.014404166064024643,3,Protein,108
Glu143Lys,16,Protein,1.1497333333333333,0.09363174319285814,3,Protein,109
Glu143Lys,17,Protein,1.2680333333333333,0.08585064550330022,3,Protein,110
Glu143Lys,18,Protein,1.3016333333333334,0.09029736061111257,3,Protein,111
Glu143Lys,19,Protein,1.7956333333333332,0.24111118458780245,3,Protein,112
Glu143Lys,20,Protein,2.052233333333333,0.4192610920814538,3,Protein,113
Glu143Lys,21,Protein,2.3644666666666665,0.6760770838693864,3,Protein,114
Glu143Lys,22,Protein,2.4718666666666667,1.052479402807168,3,Protein,115
Glu143Lys,23,Protein,2.182,1.0894557035510897,3,Protein,116
Glu143Lys,24,Protein,2.1302666666666665,0.5408558803723348,3,Protein,117
Glu143Lys,25,Protein,1.7647000000000002,0.11882840569493477,3,Protein,118
Glu143Lys,26,Protein,1.3915,0.025726834239758353,3,Protein,119
Glu143Lys,27,Protein,1.1416000000000002,0.029955133116045436,3,Protein,120
Glu143Lys,28,Protein,0.9289333333333333,0.03229803915616754,3,Protein,121
Glu143Lys,29,Protein,0.8601333333333333,0.014238094441790045,3,Protein,122
Glu143Lys,30,Protein,0.7787333333333333,0.00677150894065231,3,Protein,123
Glu143Lys,31,Protein,0.8469000000000001,0.051991922449549775,3,Protein,124
Glu143Lys,32,Protein,1.0110666666666666,0.03335361049921479,3,Protein,125
Glu143Lys,33,Protein,1.1872333333333334,0.024328035953059178,3,Protein,126
Glu143Lys,34,Protein,1.5678999999999998,0.012964181424216532,3,Protein,127
Glu143Lys,35,Protein,1.7817,0.02646526024810632,3,Protein,128
Glu143Lys,36,Protein,1.5851666666666666,0.024491903424056962,3,Protein,129
Glu143Lys,37,Protein,1.3806333333333332,0.03686466239277579,3,Protein,130
Glu143Lys,38,Protein,1.0762666666666665,0.028827995652374698,3,Protein,131
Glu143Lys,39,Protein,0.9063666666666667,0.024234342023940553,3,Protein,132
Glu143Lys,40,Protein,1.0667333333333333,0.061973408275915624,3,Protein,133
Glu143Lys,41,Protein,1.4701000000000002,0.07558518373332161,3,Protein,134
Glu143Lys,42,Protein,1.5045333333333335,0.027222111110884347,3,Protein,135
Glu143Lys,43,Protein,1.7656,0.03785723180582541,3,Protein,136
Glu143Lys,44,Protein,1.5853000000000002,0.057308725339166394,3,Protein,137
Glu143Lys,45,Protein,1.2954999999999999,0.054716359528024214,3,Protein,138
Glu143Lys,46,Protein,1.7029666666666667,0.09781770460061578,3,Protein,139
Glu143Lys,47,Protein,1.9172666666666667,0.07712440167244951,3,Protein,140
Glu143Lys,48,Protein,1.6651,0.06039503290834434,3,Protein,141
Glu143Lys,49,Protein,1.8166666666666667,0.17438664895379274,3,Protein,142
Glu143Lys,50,Protein,2.2786666666666666,0.17601870165790157,3,Protein,143
Glu143Lys,51,Protein,2.413466666666667,0.06904906468109005,3,Protein,144
Glu143Lys,52,Protein,2.536,0.1642294736032481,3,Protein,145
Glu143Lys,53,Protein,2.891666666666667,0.27324431070624927,3,Protein,146
Glu143Lys,54,Protein,3.0795999999999997,0.5346604155910553,3,Protein,147
Glu143Lys,55,Protein,3.117766666666667,0.2863766459286323,3,Protein,148
Glu143Lys,56,Protein,3.2412333333333336,0.2887518715668062,3,Protein,149
Glu143Lys,57,Protein,2.3202000000000003,0.17160431230012838,3,Protein,150
Glu143Lys,58,Protein,2.2808333333333333,0.11554740729818785,3,Protein,151
Glu143Lys,59,Protein,1.9926000000000001,0.08599959302229276,3,Protein,152
Glu143Lys,60,Protein,2.3367333333333336,0.195584261466339,3,Protein,153
Glu143Lys,61,Protein,1.9880333333333333,0.21563200906482632,3,Protein,154
Glu143Lys,62,Protein,1.4372333333333334,0.06823300765269934,3,Protein,155
Glu143Lys,63,Protein,1.4957333333333331,0.08962256040380302,3,Protein,156
Glu143Lys,64,Protein,1.1868999999999998,0.08298801118233883,3,Protein,157
Glu143Lys,65,Protein,1.3675333333333333,0.15264187935600557,3,Protein,158
Glu143Lys,66,Protein,1.3396000000000001,0.06378683249699729,3,Protein,159
Glu143Lys,67,Protein,1.7025333333333332,0.12375792230533493,3,Protein,160
Glu143Lys,68,Protein,2.2205,0.19619222716509435,3,Protein,161
Glu143Lys,69,Protein,3.3104999999999998,0.2472534125143676,3,Protein,162
Glu143Lys,70,DNA,5.112,0.7430207735992308,3,DNA,1
Glu143Lys,71,DNA,4.108,0.22776784233073866,3,DNA,2
Glu143Lys,72,DNA,3.4258,0.13044370433255878,3,DNA,3
Glu143Lys,73,DNA,2.8600333333333334,0.12048835351739727,3,DNA,4
Glu143Lys,74,DNA,2.322433333333333,0.09730346002755164,3,DNA,5
Glu143Lys,75,DNA,1.9937000000000002,0.05627335070883917,3,DNA,6
Glu143Lys,76,DNA,1.7744333333333333,0.06573160072091151,3,DNA,7
Glu143Lys,77,DNA,1.7670333333333332,0.06480326637858107,3,DNA,8
Glu143Lys,78,DNA,1.6886,0.06365194419654432,3,DNA,9
Glu143Lys,79,DNA,1.6601666666666668,0.04688884017901621,3,DNA,10
Glu143Lys,80,DNA,1.8064,0.07296855487125951,3,DNA,11
Glu143Lys,81,DNA,1.8554333333333333,0.03142122424943575,3,DNA,12
Glu143Lys,82,DNA,1.8482,0.03432797692844718,3,DNA,13
Glu143Lys,83,DNA,1.8321333333333334,0.06354701671466044,3,DNA,14
Glu143Lys,84,DNA,1.8055666666666665,0.020391256296102302,3,DNA,15
Glu143Lys,85,DNA,1.8261666666666667,0.05642174521701118,3,DNA,16
Glu143Lys,86,DNA,1.9378666666666666,0.05485219533740942,3,DNA,17
Glu143Lys,87,DNA,2.2155,0.03919834180166313,3,DNA,18
Glu143Lys,88,DNA,2.7103,0.14125922978694172,3,DNA,19
Glu143Lys,89,DNA,3.6130333333333335,0.480402147511159,3,DNA,20
Glu143Lys,90,DNA,6.791666666666667,1.5239428641958115,3,DNA,21
Glu143Lys,91,DNA,4.491,0.5122265026333561,3,DNA,22
Glu143Lys,92,DNA,3.3269,0.09629688468481248,3,DNA,23
Glu143Lys,93,DNA,2.7515,0.0628754324040798,3,DNA,24
Glu143Lys,94,DNA,2.3625666666666665,0.02426856677542623,3,DNA,25
Glu143Lys,95,DNA,2.1439333333333335,0.044996703582966265,3,DNA,26
Glu143Lys,96,DNA,2.0109666666666666,0.07947265777192394,3,DNA,27
Glu143Lys,97,DNA,1.9189333333333334,0.05272659038220976,3,DNA,28
Glu143Lys,98,DNA,1.8026666666666664,0.01772126782522443,3,DNA,29
Glu143Lys,99,DNA,1.6898,0.028560637247792592,3,DNA,30
Glu143Lys,100,DNA,1.6185666666666665,0.02653004585999296,3,DNA,31
Glu143Lys,101,DNA,1.5435999999999999,0.06146519340244523,3,DNA,32
Glu143Lys,102,DNA,1.4774666666666667,0.03309159006958313,3,DNA,33
Glu143Lys,103,DNA,1.5579,0.102985290211758,3,DNA,34
Glu143Lys,104,DNA,1.7143,0.16889132600580767,3,DNA,35
Glu143Lys,105,DNA,1.7894666666666668,0.04872087163971244,3,DNA,36
Glu143Lys,106,DNA,1.9059666666666668,0.027713594738563486,3,DNA,37
Glu143Lys,107,DNA,2.1097333333333332,0.043009805083647414,3,DNA,38
Glu143Lys,108,DNA,2.4267333333333334,0.08152915633890336,3,DNA,39
Glu143Lys,109,DNA,3.0378666666666665,0.12644308337482654,3,DNA,40
